video_id,image,fall_probability,confidence,label,reason
2654312,frame_3907.jpg,0,100,normal,The person is standing upright and appears to be using the escalator safely. There are no visible signs of a fall or any unusual behavior.
2654312,frame_3911.jpg,0,100,normal,The person is standing upright and appears to be using the escalator safely. There are no visible signs of a fall or any unusual behavior that would suggest a fall has occurred.
2654312,frame_3916.jpg,0,100,normal,The person is standing upright and appears to be using the escalator normally without any signs of a fall.
2654312,frame_3921.jpg,0,100,normal,"The image shows a person standing on the escalator steps, which appear to be functioning normally without any visible obstructions or malfunctions that would suggest a risk of falling."
2654312,frame_3926.jpg,0,100,normal,"The image shows a person standing on the escalator steps, which are moving smoothly. There are no visible signs of a fall, such as a person lying on the ground or an obstruction on the steps. The person appears to be in control and moving normally."
2654312,frame_3931.jpg,0,100,normal,"The image shows a person standing on the escalator steps, which appear to be functioning normally without any visible obstructions or malfunctions that would suggest a risk of falling."
2654312,frame_3936.jpg,0,100,normal,"The image shows a person standing upright and holding onto the handrail, indicating they are using the escalator safely. There are no visible signs of a fall or any irregularities that would suggest a fall has occurred."
2654312,frame_3941.jpg,0,100,normal,"The person is standing upright and holding onto the handrail, indicating they are using the escalator safely."
2654312,frame_3946.jpg,0,100,normal,"The image shows a person standing upright and holding onto the handrail, indicating they are using the escalator safely. There are no visible signs of a fall or any unusual behavior that would suggest a fall has occurred."
2654312,frame_3951.jpg,0,100,normal,"The image shows a person standing on the escalator steps, which indicates they are using it properly. There are no signs of a fall or any unusual positioning that would suggest an accident."
2654312,frame_3956.jpg,0,100,normal,"The image shows a person standing on the escalator steps, which is a normal and safe position. There are no visible signs of a fall, such as someone lying on the ground or an overturned bag. The person appears to be in control and not in a precarious position."
2654312,frame_3961.jpg,0,100,normal,"The image shows a person standing on the escalator, not in a position that suggests they have fallen. The escalator appears to be functioning normally."
2654312,frame_3966.jpg,0,100,normal,"The image shows a person standing on the escalator steps, which is a normal and safe position. There are no visible signs of a fall, such as someone lying on the ground or an overturned bag. The person appears to be in control and moving with the escalator."
2654312,frame_3971.jpg,0,100,normal,"The image shows a person standing on the escalator steps, which appear to be functioning normally without any visible obstructions or malfunctions that would suggest a risk of falling."
2654312,frame_3976.jpg,0,100,normal,The escalator appears to be functioning normally with no visible obstructions or people in distress. The person on the escalator is standing upright and seems to be moving safely.
2654312,frame_3981.jpg,0,100,normal,"The image shows a person standing on the escalator steps, which are moving, but there is no indication of a fall. The person appears to be using the escalator normally."
2654312,frame_3986.jpg,0,100,normal,"The image shows a person standing on the escalator steps, which indicates they are using it properly. There are no signs of a fall or any unusual positioning that would suggest an accident."
2654351,frame_4122.jpg,0,100,normal,"The image shows a person standing on the escalator steps, which appear to be functioning normally without any visible signs of malfunction or obstruction. There are no indications of a fall having occurred."
2654351,frame_4126.jpg,0,100,normal,"The image shows a person standing on the escalator steps, which are moving, but there is no indication of a fall. The person appears to be standing normally, and there are no visible signs of distress or an accident."
2654351,frame_4131.jpg,0,100,normal,"The image shows a person standing on the escalator steps, which are moving, but there is no indication of a fall. The person appears to be using the escalator normally."
2654351,frame_4136.jpg,0,100,normal,"The image shows a person standing on the escalator steps, which appear to be functioning normally without any visible obstructions or issues that would cause a fall."
2654351,frame_4141.jpg,0,100,normal,"The person is standing upright and appears to be holding onto the handrail, which suggests they are using the escalator properly. There is no visible indication of a fall or any unusual behavior that would suggest a fall has occurred."
2654351,frame_4146.jpg,0,100,normal,"The person is standing on the escalator steps, which is a normal and safe position. There is no indication of any fall or accident."
2654351,frame_4151.jpg,0,100,normal,"The person is standing on the escalator steps, which is a normal and safe position. There is no indication of any fall or accident."
2654351,frame_4156.jpg,0,100,normal,"The image shows a person standing on the escalator steps, which are moving, but there is no indication of a fall. The person appears to be holding onto the handrail, which is a common safety practice when using escalators."
2654351,frame_4161.jpg,0,100,normal,"The image shows a person standing on the escalator steps, which is a normal and safe position. There are no visible signs of a fall, such as someone lying on the ground or an overturned escalator."
2654351,frame_4166.jpg,0,100,normal,"The image shows a person standing on the escalator steps, which indicates they are using it properly. There are no visible signs of a fall, such as someone lying on the ground or an obstruction on the escalator."
2654351,frame_4171.jpg,0,100,normal,"The image shows a person standing on the escalator steps, which is a normal and safe position. There are no visible signs of a fall, such as someone lying on the ground or an unusual posture that suggests a fall."
2654351,frame_4176.jpg,0,100,normal,"The image shows a person standing on the escalator steps, not in a position that suggests a fall. The person appears to be holding onto the handrail, which is a common and safe practice when using an escalator."
2654351,frame_4181.jpg,10,80,normal,"The person appears to be standing normally on the escalator, and there are no visible signs of a fall, such as a person lying on the ground or an overturned bag."
2654351,frame_4186.jpg,10,80,normal,"The person appears to be standing normally on the escalator, and there is no visible indication of a fall. However, without additional context, it's difficult to be completely certain."
2654351,frame_4191.jpg,50,80,fallOnEscalator,"The person appears to be in a precarious position, leaning forward on the escalator steps, which could suggest a risk of falling. However, without additional context, it's difficult to determine the exact likelihood."
2654351,frame_4196.jpg,10,80,normal,"The person appears to be standing normally on the escalator steps, and there is no visible indication of a fall. The escalator is functioning normally, and the person seems to be in control."
2654351,frame_4201.jpg,10,80,normal,"The person appears to be standing normally on the escalator, and there are no visible signs of a fall, such as a person lying on the ground or an overturned stroller."
2654351,frame_4206.jpg,50,80,fallOnEscalator,"The person appears to be in a precarious position, leaning over the edge of the escalator, which suggests a risk of falling. However, there is no clear indication of a fall having already occurred."
2654351,frame_4211.jpg,50,80,fallOnEscalator,"The image shows a person lying on the escalator, which could suggest a fall. However, without additional context, it's unclear if they are actually injured or if this is a staged situation."
2654351,frame_4216.jpg,0,100,normal,"The image shows a person standing on the escalator steps, which is a normal and safe position. There are no visible signs of a fall, such as someone lying on the ground or an overturned stroller. The escalator appears to be functioning properly with no obstructions or malfunctions."
2654351,frame_4221.jpg,0,100,normal,"The image shows a person standing on the escalator steps, which is a normal and safe position. There are no visible signs of a fall, such as someone lying on the ground or an unusual posture that suggests a fall."
2654351,frame_4226.jpg,0,100,normal,"The image shows a person standing on the escalator steps, which is a normal and safe position. There are no visible signs of a fall, such as someone lying on the ground or an unusual posture that suggests a fall."
2654351,frame_4231.jpg,50,80,fallOnEscalator,"The image shows a person lying on the escalator, which could indicate a fall. However, without additional context, it's unclear if they are actually injured or if this is a staged situation."
2654351,frame_4236.jpg,0,100,normal,"The image shows a person standing upright on the escalator, with no signs of a fall or any indication of an accident. The escalator appears to be functioning normally."
2654351,frame_4241.jpg,0,100,normal,"The escalator appears to be functioning normally with no visible obstructions or people in distress. The handrail and steps are intact, and there are no signs of a fall having occurred."
2654351,frame_4246.jpg,0,100,normal,"The escalator appears to be functioning normally with no visible obstructions or people in distress. The handrails and steps are intact, and there are no signs of a recent fall."
2654560,frame_4041.jpg,0,100,normal,"The image shows a person standing on the escalator steps, which indicates they are using the escalator properly. There are no signs of a fall, such as a person lying on the ground or an overturned bag. The person appears to be in control and moving safely."
2654560,frame_4045.jpg,0,100,normal,"The image shows a person standing on the escalator steps, which indicates they are using the escalator properly. There are no signs of a fall, such as a person lying on the ground or an overturned bag. The person appears to be in control and moving safely."
2654560,frame_4050.jpg,0,100,normal,"The image shows a person standing on the escalator steps, which indicates they are using the escalator properly. There are no visible signs of a fall, such as someone lying on the ground or an overturned stroller. The person appears to be in a normal, upright position, suggesting they are not in a situation where they have fallen."
2654560,frame_4055.jpg,0,100,normal,"The image shows a person standing on the escalator steps, which indicates they are using the escalator properly. There are no visible signs of a fall, such as the person on the ground or disarrayed items."
2654560,frame_4060.jpg,0,100,normal,"The image shows a person standing on the escalator steps, which indicates they are using the escalator properly. There are no visible signs of a fall, such as a person lying on the ground or an overturned bag. The person appears to be in a normal, upright position, suggesting they are not in a situation where they have fallen."
2654560,frame_4065.jpg,80,85,fallOnEscalator,"The person appears to be on their hands and knees, which is a common position after a fall. The escalator is stationary, suggesting the person may have tripped or lost balance."
2654560,frame_4070.jpg,0,100,normal,"The person is standing on the escalator steps, which is a normal and safe position. There is no indication of any fall or accident."
2654560,frame_4075.jpg,0,100,normal,"The image shows a person standing on the escalator steps, not in a position that suggests a fall has occurred. The person appears to be holding onto the handrail, which is a common and safe practice when using escalators."
2654560,frame_4080.jpg,0,100,normal,"The image shows a person standing on the escalator steps, which indicates they are using the escalator properly. There are no signs of a fall, such as a person lying on the ground or an overturned bag. The person appears to be in a normal, upright position, suggesting they are not in a situation where they have fallen."
2654560,frame_4085.jpg,0,100,normal,"The image shows a person standing on the escalator steps, which indicates they are using the escalator properly. There are no signs of a fall, such as a person lying on the ground or an overturned bag. The person appears to be in control and is not in a position that suggests they have fallen."
2654560,frame_4090.jpg,50,80,fallOnEscalator,"The person is standing on the edge of the escalator, which is a risky position. However, there is no clear indication of a fall, such as a person on the ground or a visible impact."
2654560,frame_4095.jpg,0,100,normal,"The image shows a person standing on the escalator steps, which indicates they are using the escalator properly and there is no indication of a fall."
2654560,frame_4100.jpg,0,100,normal,"The image shows a person standing on the escalator steps, which indicates they are using the escalator properly. There are no signs of a fall, such as a person lying on the ground or an overturned bag. The person appears to be holding onto the handrail, which is a common safety practice when using escalators."
2654560,frame_4105.jpg,0,100,normal,"The image shows a person standing upright on the escalator, holding onto the handrail, with no signs of a fall or any indication of an accident. The person appears to be using the escalator normally."
2654560,frame_4110.jpg,0,100,normal,"The person is standing on the escalator steps, which is a normal and safe position. There are no visible signs of a fall, such as the person being on the ground or in an unusual position."
2654560,frame_4115.jpg,50,80,fallOnEscalator,"The image shows a person bending over on an escalator, which could indicate they have fallen or are assisting someone who has. However, without additional context, it's not possible to determine the exact situation with certainty."
2654560,frame_4120.jpg,50,80,fallOnEscalator,"The person appears to be standing on the escalator steps, which is a common position for someone who has just stepped on or is about to step off. There is no visible indication of a fall, such as a person lying on the ground or an object scattered around. However, without additional context, it's not possible to rule out the possibility entirely."
2654560,frame_4125.jpg,0,100,normal,"The person is standing on the escalator steps, holding onto the handrail, and there is no indication of any loss of balance or control."
2654560,frame_4130.jpg,0,100,normal,"The person is standing on the escalator steps, not on the handrail or in a position that suggests they are about to fall."
2654560,frame_4135.jpg,0,100,normal,"The person appears to be standing normally on the escalator steps, with no visible signs of a fall or distress."
2654560,frame_4140.jpg,0,100,normal,"The person is standing on the escalator steps, holding onto the handrail, and there is no indication of any loss of balance or control."
2654560,frame_4145.jpg,0,100,normal,"The person is standing on the escalator steps, holding onto the handrail, and there is no indication of any loss of balance or control."
2654560,frame_4150.jpg,0,100,normal,"The person is standing on the escalator steps, holding onto the handrail, and there is no indication of any loss of balance or control."
2654560,frame_4155.jpg,0,100,normal,"The person is standing on the escalator steps, holding onto the handrail, and there is no indication of any loss of balance or movement that would suggest a fall."
2654560,frame_4160.jpg,0,100,normal,"The person is standing on the escalator steps, holding onto the handrail, and there is no indication of any loss of balance or movement that would suggest a fall."
2654560,frame_4165.jpg,0,100,normal,"The person is standing on the escalator steps, holding onto the handrail, and there is no indication of any loss of balance or movement that would suggest a fall."
2654560,frame_4170.jpg,0,100,normal,"The person is standing on the escalator steps, holding onto the handrail, and there is no indication of any loss of balance or movement that would suggest a fall."
2654560,frame_4175.jpg,0,100,normal,"The person is standing on the escalator steps, holding onto the handrail, and there is no indication of any loss of balance or fall."
2654560,frame_4180.jpg,0,100,normal,"The person appears to be standing normally on the escalator steps, with no visible signs of a fall or distress."
2654560,frame_4185.jpg,0,100,normal,"The person appears to be standing normally on the escalator steps, with no visible signs of a fall or any unusual posture that would indicate a fall has occurred."
2654560,frame_4190.jpg,0,100,normal,"The person is standing on the escalator steps, holding onto the handrail, and there is no indication of any loss of balance or other factors that would suggest a fall is imminent."
2654560,frame_4195.jpg,0,100,normal,"The person is standing on the escalator steps, holding onto the handrail, and there is no indication of any loss of balance or control."
2654560,frame_4200.jpg,0,100,normal,"The person is standing on the escalator steps, holding onto the handrail, and there is no indication of any loss of balance or control."
2654560,frame_4205.jpg,0,100,normal,"The person in the image is standing upright and holding onto the handrail, which suggests they are using the escalator safely. There are no visible signs of a fall or any other incident."
2654560,frame_4210.jpg,0,100,normal,"The person is standing on the escalator steps, holding onto the handrail, and there is no indication of any loss of balance or control."
2654560,frame_4215.jpg,0,100,normal,"The image shows a person standing on the escalator steps, which indicates they are using the escalator properly and there is no indication of a fall."
2654560,frame_4220.jpg,0,100,normal,"The image shows a person standing on an escalator, and there is no indication of any fall or accident. The person appears to be using the escalator normally."
2654560,frame_4225.jpg,0,100,normal,"The image shows a person standing on an escalator, and there are no visible signs of a fall, such as people lying on the ground or objects scattered around. The person appears to be moving normally on the escalator."
2654560,frame_4230.jpg,0,100,normal,"The image shows a person standing on an escalator, and there is no indication of any fall or accident. The person appears to be moving normally, and there are no visible signs of distress or an incident."
2654560,frame_4235.jpg,0,100,normal,"The image shows a person standing on the escalator steps, which indicates they are using it properly. There are no signs of a fall, such as someone lying on the ground or an object scattered around. The person appears to be in control and moving safely."
2654560,frame_4240.jpg,0,100,normal,"The person is standing on the escalator steps, and there is no indication of any fall or accident."
2654560,frame_4245.jpg,0,100,normal,"The person appears to be standing normally on the escalator, and there are no visible signs of a fall, such as a person lying on the ground or an overturned bag."
2654609,frame_4300.jpg,0,100,normal,The person is standing upright and appears to be using the escalator normally without any signs of distress or imbalance.
2654609,frame_4304.jpg,0,100,normal,"The person is standing upright and holding onto the handrail, indicating they are using the escalator safely. There are no visible signs of a fall or any other incident."
2654609,frame_4309.jpg,0,100,normal,"The person is standing upright and holding onto the handrail, indicating they are using the escalator safely."
2654609,frame_4314.jpg,0,100,normal,"The person is standing upright and holding onto the handrail, indicating they are using the escalator safely. There are no visible signs of a fall or any other incident."
2654609,frame_4319.jpg,0,100,normal,"The person is standing upright and holding onto the handrail, indicating they are using the escalator properly. There are no visible signs of a fall, such as the person lying on the ground or any disarray."
2654609,frame_4324.jpg,50,80,fallOnEscalator,"The person is standing sideways on the escalator, which is not a typical or safe position. This could increase the risk of a fall, but without additional context, it's not possible to determine the exact likelihood."
2654609,frame_4329.jpg,80,90,fallOnEscalator,"The person appears to be in a dynamic position, with one leg extended and arms outstretched, which is typical of someone who has lost balance and is falling. The escalator's motion and the person's posture suggest a loss of control, increasing the likelihood of a fall."
2654609,frame_4334.jpg,80,90,fallOnEscalator,"The person appears to be lying on the escalator steps, which is a common position for someone who has fallen. The lack of other people around and the person's position suggest an incident."
2654609,frame_4339.jpg,90,95,fallOnEscalator,"The person is lying on the escalator steps, which is a common position for someone who has fallen. The lack of other people and the person's position suggest an accidental fall."
2654609,frame_4344.jpg,80,90,fallOnEscalator,"The person is lying on the escalator steps, which is a common position for someone who has fallen. The lack of other people around and the person's position suggest an accidental fall."
2654609,frame_4349.jpg,90,95,fallOnEscalator,"The person is in an unusual position on the escalator, with their body extended and arms outstretched, which is not a typical posture for someone using an escalator. This suggests they may have lost balance or fallen."
2654609,frame_4354.jpg,90,95,fallOnEscalator,"The image shows a person lying on an escalator, which strongly suggests they have fallen. The position and context strongly indicate an accidental fall rather than intentional activity."
2654609,frame_4359.jpg,80,90,fallOnEscalator,"The person is lying on the escalator steps, which is a common position for someone who has fallen. The escalator is stationary, and there are no visible signs of movement, which suggests that the person may have intentionally laid down or was unable to stand."
2654609,frame_4364.jpg,80,90,fallOnEscalator,"The person appears to be in a position that suggests they have lost balance and are sliding down the escalator, which is a common scenario for falls."
2654609,frame_4369.jpg,90,95,fallOnEscalator,"The person is lying on the escalator steps, which is a common position for someone who has fallen. The lack of other people around and the person's position suggest an accidental fall."
2654609,frame_4374.jpg,80,90,fallOnEscalator,"The person appears to be in a position that suggests they have lost balance and are falling backward, which is a common scenario for falls on escalators."
2654609,frame_4379.jpg,90,95,fallOnEscalator,"The person appears to be in an unusual position on the escalator, with their body leaning backward and arms extended, which is not a typical posture for someone standing or walking on an escalator. This suggests that they may have lost balance and fallen."
2654609,frame_4384.jpg,90,95,fallOnEscalator,"The image shows a person lying on an escalator, which strongly suggests they have fallen. The position of the person and the context of the escalator environment support this conclusion."
2654609,frame_4389.jpg,80,90,fallOnEscalator,"The person is bent over and appears to be in a position that suggests they may have lost balance or fallen. The context of the image, with the person on the escalator, supports this interpretation."
2654609,frame_4394.jpg,80,90,fallOnEscalator,"The person is bent over and appears to be in a position that suggests they may have lost balance or fallen. The context of the image, with the person on the escalator, supports this interpretation."
2654609,frame_4399.jpg,80,90,fallOnEscalator,"The person is lying on the escalator steps, which is a common position for someone who has fallen. The lack of other people around and the person's position suggest an incident."
2654609,frame_4404.jpg,80,90,fallOnEscalator,"The person is bent over and appears to be in a position that suggests they may have lost balance or fallen. The context of the image, with the person on the escalator, supports this interpretation."
2654609,frame_4409.jpg,80,90,fallOnEscalator,"The person is lying on the escalator steps, which is a common position for someone who has fallen. The escalator is stationary, and there are no visible signs of movement, which supports the likelihood of a fall."
2654609,frame_4414.jpg,80,90,fallOnEscalator,"The person is lying on the escalator steps, which is a common position for someone who has fallen. The escalator is not in motion, which is typical after a fall."
2654609,frame_4419.jpg,80,90,fallOnEscalator,"The person is lying on the escalator steps, which is a common position for someone who has fallen. The lack of other people nearby and the person's position on the steps suggest an accidental fall."
2654609,frame_4424.jpg,80,90,fallOnEscalator,"The person is lying on the escalator steps, which is a common position for someone who has fallen. The lack of other people around and the person's position suggest an accidental fall."
2654609,frame_4429.jpg,80,90,fallOnEscalator,"The person is lying on the escalator steps, which is a common position for someone who has fallen. The lack of other people nearby and the person's position on the steps suggest they may have slipped or lost balance."
2654609,frame_4434.jpg,80,90,fallOnEscalator,"The person is lying on the escalator steps, which is an unusual and unsafe position, suggesting they may have fallen."
2654609,frame_4439.jpg,80,90,fallOnEscalator,"The person appears to be in a position that suggests they have lost balance and fallen, which is a common cause of escalator accidents. The image shows the person in a dynamic, uncontrolled position, which supports the likelihood of a fall."
2654609,frame_4444.jpg,80,90,fallOnEscalator,"The image shows a person lying on an escalator, which suggests they may have fallen. The position and context strongly indicate an incident, though the exact cause is not clear."
2654609,frame_4449.jpg,0,100,normal,"The image shows a person standing on the escalator, not in a position that suggests they have fallen. The escalator appears to be functioning normally without any visible obstructions or incidents."
2654609,frame_4454.jpg,80,90,fallOnEscalator,"The person appears to be in an unusual position on the escalator, which could indicate a fall. However, without additional context, it's not possible to be certain."
2654609,frame_4459.jpg,80,90,fallOnEscalator,"The person appears to be in a position that suggests they may have lost balance or control, which is a common cause of falls on escalators."
2654609,frame_4464.jpg,0,100,normal,"The escalator appears to be functioning normally with no visible obstructions or people in distress. The area is clean and well-maintained, suggesting a safe environment."
2654609,frame_4469.jpg,0,100,normal,"The escalator appears to be functioning normally with no visible obstructions or people in distress. The area is clean and well-maintained, suggesting a safe environment."
2654609,frame_4474.jpg,0,100,normal,The escalator appears to be functioning normally with no visible obstructions or people in distress. The person is standing upright and moving at a steady pace.
2654609,frame_4479.jpg,0,100,normal,"The escalator appears to be functioning normally with no visible obstructions or people in distress. The area is clean and well-maintained, suggesting a safe environment."
2654609,frame_4484.jpg,0,100,normal,"The escalator appears to be functioning normally with no visible obstructions or people in distress. The area is clean and well-maintained, suggesting a safe environment."
2654609,frame_4489.jpg,0,100,normal,"The escalator appears to be functioning normally with no visible obstructions or people in distress. The area is clean and well-maintained, suggesting a safe environment."
2654609,frame_4494.jpg,0,100,normal,"The escalator appears to be functioning normally with no visible obstructions or people in distress. The person on the escalator is standing upright, indicating no fall has occurred."
2654609,frame_4499.jpg,0,100,normal,"The escalator appears to be functioning normally with no visible obstructions or people in distress. The area is clean and well-maintained, suggesting a safe environment."
2654609,frame_4504.jpg,0,100,normal,"The escalator appears to be functioning normally with no visible obstructions or people in distress. The person on the escalator is standing upright, indicating no fall has occurred."
2654609,frame_4509.jpg,0,100,normal,"The escalator appears to be functioning normally with no visible obstructions or people in distress. The area is clean and well-maintained, suggesting a safe environment."
2654609,frame_4514.jpg,0,100,normal,"The escalator appears to be functioning normally with no visible obstructions or people in distress. The area is clean and well-maintained, suggesting a safe environment."
2654609,frame_4519.jpg,0,100,normal,"The escalator appears to be functioning normally with no visible obstructions or people in distress. The area is clean and well-maintained, suggesting a safe environment."
2654609,frame_4524.jpg,0,100,normal,"The escalator appears to be functioning normally with no visible obstructions or people in distress. The area is clean and well-maintained, suggesting a safe environment."
2654609,frame_4529.jpg,0,100,normal,"The escalator appears to be functioning normally with no visible obstructions or people in distress. There are no signs of a fall, such as people lying on the ground or objects scattered around."
2654609,frame_4534.jpg,0,100,normal,"The escalator appears to be functioning normally with no visible obstructions or people in distress. There are no signs of a fall, such as people lying on the ground or broken equipment."
2654609,frame_4539.jpg,0,100,normal,"The escalator appears to be functioning normally with no visible obstructions or people in distress. There are no signs of a recent fall, such as debris or people gathered around the escalator."
2654609,frame_4544.jpg,0,100,normal,"The escalator appears to be functioning normally with no visible obstructions or people in distress. The area is clean and well-maintained, suggesting a safe environment."
2654609,frame_4549.jpg,0,100,normal,"The escalator appears to be functioning normally with no visible obstructions or people in distress. The area is clean and well-maintained, suggesting a safe environment."
2654609,frame_4554.jpg,0,100,normal,"The escalator appears to be functioning normally with no visible obstructions or people in distress. The area is clean and well-maintained, suggesting a safe environment."
2654609,frame_4559.jpg,0,100,normal,"The escalator appears to be functioning normally with no visible obstructions or people in distress. The area is clean and well-maintained, suggesting a safe environment."
2654609,frame_4564.jpg,0,100,normal,"The escalator appears to be functioning normally with no visible obstructions or people in distress. The area is clean and well-maintained, suggesting a safe environment."
2654609,frame_4569.jpg,0,100,normal,"The escalator appears to be functioning normally with no visible obstructions or people in distress. The area is clean and well-maintained, suggesting a safe environment."
2654609,frame_4574.jpg,0,100,normal,"The escalator appears to be functioning normally with no visible obstructions or people in distress. The area is clean and well-maintained, suggesting a safe environment."
2654609,frame_4579.jpg,0,100,normal,"The escalator appears to be functioning normally with no visible obstructions or people in distress. The area is clean and well-maintained, suggesting a safe environment."
2654609,frame_4584.jpg,0,100,normal,"The escalator appears to be functioning normally with no visible obstructions or people in distress. There are no signs of a recent fall, such as debris or people gathered around the escalator."
2654609,frame_4589.jpg,0,100,normal,"The escalator appears to be functioning normally with no visible obstructions or people in distress. There are no signs of a recent fall, such as scattered belongings or people checking on someone."
2654609,frame_4594.jpg,0,100,normal,"The escalator appears to be functioning normally with no visible obstructions or people in distress. The area is clean and well-maintained, suggesting a safe environment."
2654609,frame_4599.jpg,0,100,normal,"The escalator appears to be functioning normally with no visible obstructions or people in distress. The area is clean and well-maintained, suggesting a safe environment."
2654992,frame_4566.jpg,0,100,normal,"The image shows a person using the escalator normally without any signs of a fall, such as a person lying on the ground or an obstruction on the escalator."
2654992,frame_4570.jpg,0,100,normal,"The image shows a person standing on the escalator, and there are no visible signs of a fall, such as people lying on the ground or objects scattered around. The escalator appears to be functioning normally."
2654992,frame_4575.jpg,0,100,normal,"The image shows a person standing upright and moving normally on the escalator, with no signs of a fall or any unusual activity."
2654992,frame_4580.jpg,0,100,normal,"The image shows a person standing on the escalator steps, which is a normal and safe position. There are no visible signs of a fall, such as the person lying on the ground or any disarray on the escalator."
2654992,frame_4585.jpg,50,80,fallOnEscalator,"The person appears to be sitting on the escalator steps, which could suggest they have fallen or are in a precarious position. However, without additional context, it's not possible to determine the exact cause."
2654992,frame_4590.jpg,90,85,fallOnEscalator,"The person appears to be lying on the escalator steps, which suggests they may have fallen. The position and the fact that they are not standing or moving indicate a higher likelihood of a fall."
2654992,frame_4595.jpg,80,90,fallOnEscalator,"The image shows a person lying on an escalator, which suggests they may have fallen. The position and the context strongly indicate an incident, though the exact cause is not clear."
2654992,frame_4600.jpg,80,90,fallOnEscalator,"The person is lying on the escalator steps, which is an unusual and unsafe position, suggesting they may have fallen."
2654992,frame_4605.jpg,80,90,fallOnEscalator,"The person is lying on the escalator steps, which is a common position for someone who has fallen. The lack of other people nearby and the person's position on the steps suggest an incident."
2654992,frame_4610.jpg,0,100,normal,"The image shows a person standing upright on the escalator, holding onto the handrail, and there are no visible signs of a fall or any other incident."
2654992,frame_4615.jpg,0,100,normal,The person is standing upright and appears to be using the escalator normally without any signs of distress or imbalance.
2654992,frame_4620.jpg,50,80,fallOnEscalator,"The image shows a person lying on an escalator, which could suggest a fall. However, without additional context or motion, it's not definitive."
2654992,frame_4625.jpg,80,90,fallOnEscalator,"The person is lying on the escalator steps, which is a common position for someone who has fallen. The lack of other people nearby and the person's posture suggest an accidental fall."
2654992,frame_4630.jpg,80,90,fallOnEscalator,"The person appears to be lying on the escalator steps, which is an unusual position for someone using it normally. This suggests they may have fallen."
2654992,frame_4635.jpg,80,85,fallOnEscalator,"The image shows a person lying on an escalator, which suggests they may have fallen. The escalator is not in motion, and the person's position is unusual for someone who is simply using the escalator."
2654992,frame_4640.jpg,0,100,normal,"The image shows a person standing upright on the escalator, and there are no visible signs of a fall, such as a person lying down or objects scattered around."
2654992,frame_4645.jpg,0,100,normal,"The image shows a person standing upright on the escalator, and there are no visible signs of a fall, such as a person lying on the ground or an overturned bag. The escalator appears to be functioning normally."
2654992,frame_4650.jpg,0,100,normal,"The image shows a person standing upright on the escalator, and there are no visible signs of a fall, such as a person lying on the ground or an overturned bag. The escalator appears to be functioning normally."
2654992,frame_4655.jpg,0,100,normal,"The image shows a person standing upright on the escalator, and there are no visible signs of a fall, such as a person lying down or objects scattered around. The escalator appears to be functioning normally."
2654992,frame_4660.jpg,0,100,normal,"The image shows a person standing upright on the escalator, and there are no visible signs of a fall, such as a person lying on the ground or an overturned bag. The escalator appears to be functioning normally."
2654992,frame_4665.jpg,80,90,fallOnEscalator,"The image shows a person lying on the escalator steps, which suggests they may have fallen. The position and context strongly indicate an incident, though the exact cause isn't clear."
2654992,frame_4670.jpg,0,100,normal,"The image shows a person standing on the escalator, not in a position that suggests they have fallen. The escalator appears to be functioning normally without any visible obstructions or incidents."
2654992,frame_4675.jpg,80,85,fallOnEscalator,"The image shows a person lying on the escalator steps, which suggests they may have fallen. The position and context strongly indicate an incident, though the exact cause is not clear."
2654992,frame_4680.jpg,80,85,fallOnEscalator,"The person appears to be in a position that suggests they may have fallen or are struggling to get up on the escalator, which is a common scenario for falls."
2654992,frame_4685.jpg,80,90,fallOnEscalator,"The image shows a person lying on the escalator steps, which suggests they may have fallen. The position and context strongly indicate an incident, though the exact cause is not clear."
2654992,frame_4690.jpg,10,80,normal,"The person appears to be standing normally on the escalator, and there are no visible signs of distress or an accident."
2654992,frame_4695.jpg,0,100,normal,"The image shows a person standing on the escalator, not in a position that suggests they have fallen. The escalator appears to be functioning normally, and there are no visible signs of an accident or emergency."
2654992,frame_4700.jpg,10,80,normal,"The person appears to be standing normally on the escalator, and there are no visible signs of distress or an accident."
2654992,frame_4705.jpg,0,100,normal,"The escalator appears to be functioning normally with no visible obstructions or people in distress. The person on the escalator is standing upright, indicating no fall has occurred."
2654992,frame_4710.jpg,0,100,normal,"The image shows a person standing on the escalator steps, which is a normal and safe position. There are no visible signs of a fall, such as someone lying on the ground or an overturned stroller. The escalator appears to be functioning properly with no obstructions or malfunctions."
2654992,frame_4715.jpg,0,100,normal,"The image shows a person standing on the escalator, not in a position that suggests a fall has occurred. The escalator appears to be functioning normally, and there are no visible signs of an accident."
2654992,frame_4720.jpg,10,80,normal,"The image shows a person standing on an escalator, which is a common and safe way to use it. There are no visible signs of distress or an accident. The escalator appears to be functioning normally."
2654992,frame_4725.jpg,0,100,normal,"The escalator appears to be functioning normally with no visible obstructions or people in distress. The person on the escalator is standing upright, indicating no fall has occurred."
2655018,frame_4230.jpg,0,100,normal,The person is standing upright and appears to be using the escalator normally without any signs of a fall.
2655018,frame_4234.jpg,0,100,normal,"The person is standing upright and appears to be using the handrail properly, indicating they are not in a position that would suggest a fall."
2655018,frame_4239.jpg,0,100,normal,"The person is standing upright and holding onto the handrail, indicating they are using the escalator safely."
2655018,frame_4244.jpg,10,80,normal,"The person appears to be standing normally on the escalator, and there are no visible signs of a fall, such as objects scattered or the person in an unusual position."
2655018,frame_4249.jpg,0,100,normal,"The person is standing upright and holding onto the handrail, indicating they are using the escalator safely."
2655018,frame_4254.jpg,0,100,normal,"The image shows a person standing on the escalator steps, which appear to be functioning normally. There are no visible signs of a fall, such as someone lying on the ground or an obstruction on the steps. The person is holding onto the handrail, which is a common safety practice when using escalators."
2655018,frame_4259.jpg,50,80,fallOnEscalator,"The person appears to be in a precarious position, leaning forward with one foot on the step and the other off, which could indicate a loss of balance. However, there is no clear indication of a fall, such as a person on the ground or a visible impact."
2655018,frame_4264.jpg,50,80,fallOnEscalator,"The person appears to be in a precarious position, leaning forward with one foot on the step and the other off, which could indicate a loss of balance. However, without additional context, it's not possible to definitively determine if a fall has occurred."
2655018,frame_4269.jpg,0,100,normal,"The person is standing upright and appears to be moving normally on the escalator. There are no visible signs of a fall, such as the person lying down or being in an unusual position."
2655018,frame_4274.jpg,0,100,normal,"The person appears to be standing normally on the escalator, with no signs of a fall."
2655018,frame_4279.jpg,50,80,fallOnEscalator,"The image shows a person lying on the escalator, which could indicate a fall. However, without additional context, it's unclear if the person is actually injured or if this is a staged situation."
2655018,frame_4284.jpg,0,100,normal,The escalator appears to be functioning normally with no visible obstructions or people in distress.
2655018,frame_4289.jpg,0,100,normal,"The image shows a person standing on the escalator steps, which is a normal and safe position. There are no visible signs of a fall, such as someone lying on the ground or an unusual posture that suggests a fall."
2655018,frame_4294.jpg,0,100,normal,"The image shows a person standing on the escalator steps, which indicates they are using it properly. There are no signs of a fall, such as someone lying on the ground or an overturned escalator."
2655018,frame_4299.jpg,0,100,normal,"The image shows a person standing on the escalator steps, which is a normal and safe position. There are no visible signs of a fall, such as someone lying on the ground or an overturned stroller. The escalator appears to be functioning properly with no obstructions or malfunctions."
2655018,frame_4304.jpg,0,100,normal,"The image shows a person standing upright on the escalator, with no visible signs of a fall or any indication of an accident. The escalator appears to be functioning normally."
2655018,frame_4309.jpg,0,100,normal,"The image shows a person standing on the escalator steps, which is a normal and safe position. There are no visible signs of a fall, such as someone lying on the ground or an overturned escalator step."
2655018,frame_4314.jpg,0,100,normal,"The image shows a person standing upright on the escalator, with no signs of a fall or any unusual positioning that would indicate a fall has occurred."
2655018,frame_4319.jpg,0,100,normal,The escalator appears to be functioning normally with no visible obstructions or people in distress.
2655018,frame_4324.jpg,0,100,normal,The escalator appears to be functioning normally with no visible obstructions or people in distress.
2655018,frame_4329.jpg,0,100,normal,"The escalator appears to be functioning normally with no visible obstructions or people in distress. The handrails and steps are intact, and there are no signs of a fall having occurred."
2655018,frame_4334.jpg,0,100,normal,"The escalator appears to be functioning normally with no visible obstructions or people in distress. The handrails and steps are intact, and there are no signs of a fall having occurred."
2655018,frame_4339.jpg,0,100,normal,"The escalator appears to be functioning normally with no visible obstructions or people in distress. The handrails and steps are intact, and there are no signs of a recent fall."
2655344,frame_4429.jpg,0,100,normal,"The person is standing upright and appears to be using the escalator normally, with no signs of instability or distress."
2655344,frame_4433.jpg,0,100,normal,"The person is standing upright and holding onto the handrail, indicating they are using the escalator safely."
2655344,frame_4438.jpg,0,100,normal,"The person is standing upright and appears to be using the escalator safely. There are no visible signs of a fall, such as the person lying down or objects scattered around."
2655344,frame_4443.jpg,0,100,normal,The person is standing upright and appears to be using the escalator safely. There are no visible signs of a fall or any other incident.
2655344,frame_4448.jpg,0,100,normal,The person is standing upright and appears to be using the escalator safely. There are no visible signs of a fall or any unusual behavior that would suggest a fall has occurred.
2655344,frame_4453.jpg,0,100,normal,The person is standing upright and appears to be using the escalator normally without any signs of instability or distress.
2655344,frame_4458.jpg,0,100,normal,"The person is standing upright and appears to be using the escalator safely. There are no visible signs of a fall, such as the person lying down or objects scattered around."
2655344,frame_4463.jpg,0,100,normal,"The person is standing upright and appears to be using the escalator safely. There are no visible signs of a fall, such as the person lying down or objects scattered around."
2655344,frame_4468.jpg,0,100,normal,"The person is standing upright and appears to be using the escalator safely. There are no visible signs of a fall, such as the person lying on the ground or any disarray around them."
2655344,frame_4473.jpg,0,100,normal,The person is standing upright and appears to be using the escalator normally without any signs of instability or distress.
2655344,frame_4478.jpg,0,100,normal,"The person is standing upright and holding onto the handrail, indicating they are using the escalator safely."
2655344,frame_4483.jpg,0,100,normal,"The person is standing upright and holding onto the handrail, indicating they are using the escalator safely."
2655344,frame_4488.jpg,0,100,normal,"The person is standing upright and holding onto the handrail, indicating they are using the escalator safely."
2655344,frame_4493.jpg,0,100,normal,The person is standing upright and appears to be using the escalator normally without any signs of instability or distress.
2655344,frame_4498.jpg,0,100,normal,"The image shows a person standing upright and holding onto the handrail, indicating they are using the escalator safely. There are no visible signs of a fall or any irregularities that would suggest a fall has occurred."
2655344,frame_4503.jpg,0,100,normal,"The image shows a person standing on the escalator steps, which appear to be functioning normally without any visible obstructions or malfunctions. There is no indication of a fall or any unusual activity that would suggest someone has fallen."
2655344,frame_4508.jpg,0,100,normal,"The image shows a person standing upright and holding onto the handrail, indicating they are using the escalator safely. There are no visible signs of a fall or any other incident."
2655344,frame_4513.jpg,0,100,normal,"The image shows a person standing on the escalator steps, which appear to be functioning normally without any visible signs of malfunction or obstruction. There is no indication of a fall or any unusual activity that would suggest someone has fallen."
2655344,frame_4518.jpg,0,100,normal,The escalator appears to be functioning normally with no visible obstructions or people in distress. The person on the escalator is standing upright and seems to be moving safely.
2655344,frame_4523.jpg,0,100,normal,"The escalator appears to be functioning normally with no visible obstructions or people in distress. The person on the escalator is standing upright and holding onto the handrail, indicating a safe operation."
2655344,frame_4528.jpg,0,100,normal,The escalator appears to be functioning normally with no visible obstructions or people in distress.
2655344,frame_4533.jpg,0,100,normal,The escalator appears to be functioning normally with no visible obstructions or people in distress. The person on the escalator is standing upright and seems to be moving safely.
2655344,frame_4538.jpg,0,100,normal,"The escalator appears to be functioning normally with no visible obstructions or people in distress. The person on the escalator is standing upright and holding onto the handrail, which suggests they are using it safely."
2655344,frame_4543.jpg,0,100,normal,"The image shows a person standing upright on the escalator, and there is no visible indication of a fall or any unusual position that would suggest someone has fallen."
2655344,frame_4548.jpg,0,100,normal,The escalator appears to be functioning normally with no visible obstructions or people in distress. The person on the escalator is standing upright and appears to be moving safely.
2655344,frame_4553.jpg,0,100,normal,"The image shows a person standing upright on the escalator, and there is no visible indication of a fall or any unusual position that would suggest someone has fallen."
2655344,frame_4558.jpg,0,100,normal,"The image shows a person standing upright on the escalator, and there are no visible signs of a fall, such as a person lying on the ground or disarrayed luggage. The escalator appears to be functioning normally."
2655344,frame_4563.jpg,0,100,normal,"The escalator appears to be functioning normally with no visible obstructions or people in distress. The handrails and steps are intact, and there are no signs of a fall having occurred."
2655344,frame_4568.jpg,0,100,normal,"The image shows a person standing on the escalator with their luggage, and there are no visible signs of a fall or any disarray that would indicate an accident. The person appears to be in a normal, upright position, suggesting that no fall has occurred."
2655344,frame_4573.jpg,0,100,normal,The escalator appears to be functioning normally with no visible obstructions or people in distress. The person on the escalator is standing upright and seems to be moving safely.
2655344,frame_4578.jpg,0,100,normal,"The image shows a person standing on the escalator with a suitcase, and there are no visible signs of a fall or any disarray. The person appears to be using the escalator normally."
2655344,frame_4583.jpg,0,100,normal,"The image shows a person standing on the escalator with luggage, and there are no visible signs of a fall or any disarray. The person appears to be in a normal, upright position."
2655344,frame_4588.jpg,0,100,normal,"The image shows a person standing on the escalator with luggage, and there is no indication of any fall or accident. The person appears to be using the escalator normally."
2655384,frame_4185.jpg,10,80,normal,"The person is using a cane, which suggests they may have difficulty walking, but there is no visible indication of a fall. The escalator appears to be functioning normally."
2655384,frame_4189.jpg,0,100,normal,"The person is using a cane and appears to be walking carefully, suggesting they are not at risk of falling."
2655384,frame_4194.jpg,0,100,normal,"The person is using a cane, which suggests they are navigating the escalator with caution, likely to avoid falls."
2655384,frame_4199.jpg,10,80,normal,"The person is using a cane, which suggests they may have difficulty walking, but there is no visible indication of a fall. The escalator appears to be functioning normally."
2655384,frame_4204.jpg,10,80,normal,"The person is using a cane, which suggests they may have difficulty walking, but they are not in a position that typically indicates a fall, such as lying on the ground."
2655384,frame_4209.jpg,0,100,normal,"The person is actively cleaning the escalator, which suggests they are in control and not at risk of falling."
2655384,frame_4214.jpg,80,90,fallOnEscalator,"The person is leaning forward and appears to be in a precarious position on the escalator steps, which suggests they may have lost balance or are in the process of falling."
2655384,frame_4219.jpg,80,85,fallOnEscalator,"The person is on their hands and knees, which is a common position after a fall. The presence of a cane suggests they may have difficulty walking, increasing the likelihood of a fall."
2655384,frame_4224.jpg,50,80,fallOnEscalator,"The person is bending over on the escalator, which could indicate a fall, but without additional context, it's uncertain."
2655384,frame_4229.jpg,80,85,fallOnEscalator,"The person is bent over and appears to be in a position that suggests they may have lost balance or fallen. The red handrail is also in contact with them, which could indicate an attempt to stabilize or recover from a fall."
2655384,frame_4234.jpg,0,100,normal,"The person is standing on the escalator steps, holding onto the handrail, and there is no indication of any fall or loss of balance."
2655384,frame_4239.jpg,10,80,normal,"The person appears to be standing normally on the escalator, and there is no visible indication of a fall."
2655384,frame_4244.jpg,0,100,normal,"The image shows a person standing on the escalator steps, which indicates they are using the escalator properly and there is no indication of a fall."
2655384,frame_4249.jpg,0,100,normal,"The image shows a person standing on the escalator, holding onto the handrail, and there are no visible signs of a fall or any disarray that would suggest an accident. The person appears to be in a normal, upright position, indicating that they are likely using the escalator safely."
2655384,frame_4254.jpg,10,80,normal,"The person is holding onto the handrail, which suggests they are using the escalator properly. There are no visible signs of a fall, such as people lying on the ground or objects scattered."
2655384,frame_4259.jpg,10,80,normal,The person appears to be holding onto the handrail and is not in a position that suggests they have lost balance or control.
2655384,frame_4264.jpg,0,100,normal,"The image shows a person standing on the escalator steps, which indicates they are using the escalator properly. There are no visible signs of a fall or any disarray that would suggest an accident."
2655384,frame_4269.jpg,0,100,normal,"The person is standing upright and holding onto the handrail, indicating they are using the escalator safely."
2655384,frame_4274.jpg,50,80,fallOnEscalator,"The person is bending over, which could indicate they have fallen or are in the process of getting up. However, without more context, it's not certain."
2655384,frame_4279.jpg,10,80,normal,The person appears to be using the handrail and is not in a position that suggests they have fallen. The escalator seems to be functioning normally.
2655384,frame_4284.jpg,50,80,fallOnEscalator,"The person is bending over, which could indicate they have fallen or are in the process of getting up. However, without more context, it's not certain."
2655384,frame_4289.jpg,10,80,normal,"The person appears to be standing normally on the escalator, and there is no visible indication of a fall. However, without additional context, it's difficult to be completely certain."
2655384,frame_4294.jpg,80,90,fallOnEscalator,"The person appears to be in a position that suggests they may have lost balance or fallen, as they are not standing upright on the escalator steps."
2655384,frame_4299.jpg,80,85,fallOnEscalator,"The person is in a position that suggests they may have lost balance or control, which is common in falls on escalators. The image shows the person in a crouched position, which is often a reaction to a fall."
2655384,frame_4304.jpg,80,85,fallOnEscalator,"The person appears to be in a position that suggests they may have lost balance or fallen, as they are on the ground near the escalator steps. The presence of a handrail and the fact that they are not on the moving part of the escalator also support this observation."
2655384,frame_4309.jpg,50,80,fallOnEscalator,"The person is kneeling on the escalator steps, which could indicate a fall. However, without additional context, it's not certain if they are intentionally kneeling or if they have fallen."
2655384,frame_4314.jpg,0,100,normal,"The person is standing on the escalator steps, which is a normal and safe position. There are no visible signs of a fall, such as the person being on the ground or in an unusual position."
2655384,frame_4319.jpg,0,100,normal,"The person is standing on the escalator steps, holding onto the handrail, and there is no indication of any fall or accident."
2655384,frame_4324.jpg,80,90,fallOnEscalator,"The person is lying on the escalator steps, which suggests they may have fallen. The position and the fact that they are not standing or moving with the escalator's motion support this assessment."
2655384,frame_4329.jpg,80,85,fallOnEscalator,"The person is lying on the escalator steps, which is a common position for someone who has fallen. The lack of other people nearby and the person's position on the steps suggest they may have lost balance and fallen."
2655384,frame_4334.jpg,0,100,normal,"The person is standing on the escalator steps, which is a normal and safe position. There is no indication of any fall or accident."
2655384,frame_4339.jpg,50,80,fallOnEscalator,"The person is holding onto the handrail, which suggests they are trying to stabilize themselves, possibly after a slip or to prevent a fall. However, without additional context, it's not possible to determine the exact cause."
2655384,frame_4344.jpg,50,80,fallOnEscalator,"The person is holding onto the handrail, which suggests they are trying to stabilize themselves, possibly after a fall or to prevent one. The escalator is not crowded, which might indicate that the person is alone and could have fallen. However, without more context, it's difficult to determine the exact cause."
2655384,frame_4349.jpg,80,90,fallOnEscalator,"The person is in a position that suggests they may have lost balance or control, which is a common scenario for falls on escalators."
2655384,frame_4354.jpg,80,90,fallOnEscalator,"The person is in a position that suggests they may have lost balance or control, which is common in falls on escalators. The red handrail is also a safety feature often used to prevent falls."
2655384,frame_4359.jpg,80,85,fallOnEscalator,"The person is lying on the escalator steps, which is a common position for someone who has fallen. The escalator is not in motion, which could indicate that the person is trying to get up or has just fallen."
2655384,frame_4364.jpg,80,90,fallOnEscalator,"The person is reaching out towards the handrail, which suggests they may have lost balance or are in a precarious position on the escalator."
2655384,frame_4369.jpg,80,90,fallOnEscalator,"The person is reaching out to the handrail, which suggests they may have lost balance or are in a precarious position on the escalator."
2655384,frame_4374.jpg,80,90,fallOnEscalator,"The person is kneeling on the escalator steps, which is an unusual and unsafe position, suggesting they may have fallen."
2655384,frame_4379.jpg,0,100,normal,"The image shows a person standing on the escalator steps, which appear to be functioning normally without any visible obstructions or issues that would suggest a fall has occurred."
2655384,frame_4384.jpg,0,100,normal,"The person is standing upright and appears to be using the escalator normally, with no visible signs of a fall or distress."
2655384,frame_4389.jpg,0,100,normal,"The person is standing on the escalator steps, which is a normal and safe position. There is no indication of any fall or accident."
2655384,frame_4394.jpg,50,80,fallOnEscalator,"The person is bending over, which could indicate they are picking something up or adjusting their position, but it's not clear if they have fallen. The context suggests caution, but there's no definitive evidence of a fall."
2655384,frame_4399.jpg,50,80,fallOnEscalator,"The person is bending over, which could indicate they have fallen or are in the process of getting up. However, without additional context, it's not certain."
2655384,frame_4404.jpg,50,80,fallOnEscalator,"The person is bending over, which could indicate they have fallen or are in the process of getting up. However, without additional context, it's not certain."
2655384,frame_4409.jpg,50,80,fallOnEscalator,"The person is bending over, which could indicate they are picking something up or adjusting their position, but it's not clear if they have fallen. The escalator appears to be functioning normally."
2655384,frame_4414.jpg,50,80,fallOnEscalator,"The person is bending over, which could indicate they are picking something up or adjusting their clothing, but it's not conclusive evidence of a fall."
2655384,frame_4419.jpg,10,80,normal,"The person appears to be using a cane, which might suggest they are cautious, and there is no visible indication of a fall. However, the exact context isn't clear, so there's some uncertainty."
2655384,frame_4424.jpg,0,100,normal,"The person appears to be standing normally on the escalator, with no signs of a fall."
2655384,frame_4429.jpg,0,100,normal,"The person is standing on the escalator steps, holding onto the handrail, and there is no indication of any loss of balance or fall."
2655384,frame_4434.jpg,0,100,normal,"The person appears to be standing normally on the escalator, with no visible signs of a fall or distress."
2655384,frame_4439.jpg,0,100,normal,"The person appears to be standing normally on the escalator, with no visible signs of a fall or distress."
2655384,frame_4444.jpg,10,80,normal,"The person appears to be standing normally on the escalator steps, and there is no visible indication of a fall, such as a person lying on the ground or an object scattered around."
2655384,frame_4449.jpg,10,80,normal,"The person appears to be standing normally on the escalator, and there is no visible indication of a fall, such as a person lying on the ground or an object scattered around."
2655384,frame_4454.jpg,80,90,fallOnEscalator,"The person is bent over, which suggests they may have lost balance or are in the process of regaining it, indicating a potential fall."
2655384,frame_4459.jpg,50,80,fallOnEscalator,"The person appears to be bending over, which could indicate they have fallen or are in the process of getting up. However, without additional context, it's not possible to determine with certainty."
2655384,frame_4464.jpg,0,100,normal,"The person appears to be standing normally on the escalator, with no visible signs of a fall or distress."
2655384,frame_4469.jpg,0,100,normal,"The person appears to be standing normally on the escalator, holding onto the handrail, and there are no visible signs of a fall or distress."
2655384,frame_4474.jpg,0,100,normal,"The person is holding onto the handrail and appears to be standing normally on the escalator, indicating no fall has occurred."
2655384,frame_4479.jpg,0,100,normal,"The person is standing upright and holding onto the handrail, indicating they are not in a position that suggests they have fallen."
2655384,frame_4484.jpg,0,100,normal,"The person is standing upright and holding onto the handrail, indicating they are not in a position that suggests they have fallen."
2655384,frame_4489.jpg,0,100,normal,"The person is using a cane and appears to be standing steadily on the escalator, suggesting they are not in a position to have fallen."
2655384,frame_4494.jpg,0,100,normal,"The person is holding onto the handrail and appears to be standing normally on the escalator, indicating no fall has occurred."
2655384,frame_4499.jpg,0,100,normal,"The person is holding onto the handrail and appears to be standing normally on the escalator, indicating no fall has occurred."
2655384,frame_4504.jpg,10,80,normal,"The person is holding onto the handrail, which suggests they are trying to maintain balance and avoid a fall. There is no visible indication of a fall having occurred."
2655384,frame_4509.jpg,0,100,normal,"The person is holding onto the handrail, which suggests they are using it for support and are not in a position that would indicate a fall."
2655384,frame_4514.jpg,0,100,normal,"The person is holding onto the handrail, which suggests they are using the escalator safely. There is no visible indication of a fall or any other incident."
2655384,frame_4519.jpg,50,80,fallOnEscalator,"The person is holding onto the handrail, which suggests they are trying to stabilize themselves, possibly after a fall or to prevent one. The posture and grip indicate a need for support, which is common in situations where someone might have lost balance on an escalator."
2655384,frame_4524.jpg,50,80,fallOnEscalator,"The person is holding onto the handrail, which suggests they are trying to stabilize themselves, possibly after a fall or to prevent one. However, without more context, it's not possible to determine with certainty that a fall has occurred."
2655384,frame_4529.jpg,50,80,fallOnEscalator,"The person is holding onto the handrail, which suggests they are trying to maintain balance, possibly indicating a risk of falling. However, there is no clear indication of a fall having occurred."
2655384,frame_4534.jpg,80,85,fallOnEscalator,"The person is holding onto a cane, which suggests they may have difficulty walking, and their posture indicates they might be struggling to maintain balance on the escalator."
2655384,frame_4539.jpg,50,80,fallOnEscalator,"The person is holding onto the handrail, which suggests they are trying to stabilize themselves, possibly after a fall. However, there is no clear evidence of a fall, such as a visible injury or disarray."
2655384,frame_4544.jpg,0,100,normal,"The person is holding onto the handrail and appears to be standing normally on the escalator, indicating no fall has occurred."
2655384,frame_4549.jpg,0,100,normal,"The person is standing on the escalator and holding onto the handrail, which suggests they are using it properly and there is no indication of a fall."
2655704,frame_4447.jpg,0,100,normal,"The image shows a person standing on the escalator steps, which appear to be functioning normally without any visible obstructions or malfunctions that would suggest a risk of falling."
2655704,frame_4451.jpg,0,100,normal,"The person is standing on the escalator steps, which is a normal and safe position. There is no indication of any fall or accident."
2655704,frame_4456.jpg,0,100,normal,"The image shows a person standing on the escalator steps, which appear to be functioning normally without any visible obstructions or malfunctions that would typically lead to a fall."
2655704,frame_4461.jpg,0,100,normal,"The person is standing upright and holding onto the handrail, indicating they are using the escalator safely."
2655704,frame_4466.jpg,0,100,normal,"The image shows a person sitting on the steps of an escalator, which is a common and safe way to use the escalator. There are no visible signs of a fall, such as the person being on the ground or in an unusual position."
2655704,frame_4471.jpg,0,100,normal,"The image shows a person sitting on the escalator steps, which is a common and safe way to use an escalator. There is no indication of any fall or accident."
2655704,frame_4476.jpg,80,85,fallOnEscalator,"The person appears to be in a position that suggests they may have lost balance or fallen, as they are on their hands and knees on the escalator steps. The red handrail is also visible, which could indicate that the person was attempting to use it for support."
2655704,frame_4481.jpg,0,100,normal,"The image shows a person standing on the escalator steps, which indicates they are using the escalator properly and there is no indication of a fall."
2655704,frame_4486.jpg,0,100,normal,"The image shows a person standing on the escalator steps, which indicates they are using the escalator properly. There are no visible signs of a fall, such as a person lying on the ground or an overturned bag. The person appears to be in a normal, upright position, suggesting they are not in a situation where they have fallen."
2655704,frame_4491.jpg,0,100,normal,"The image shows a person standing on the escalator steps, which appear to be functioning normally without any visible obstructions or malfunctions. There is no indication of a fall or any other incident."
2655704,frame_4496.jpg,0,100,normal,"The image shows a person standing on the escalator steps, which indicates they are using the escalator properly. There are no signs of a fall, such as a person lying on the ground or an overturned bag. The escalator appears to be functioning normally."
2655704,frame_4501.jpg,0,100,normal,"The image shows a person standing on the escalator steps, which indicates they are using the escalator properly. There are no visible signs of a fall, such as a person lying on the ground or an overturned stroller. The escalator appears to be in operation without any disruptions."
2655704,frame_4506.jpg,0,100,normal,"The image shows a person standing on the escalator steps, which indicates they are using the escalator properly and there is no indication of a fall."
2655704,frame_4511.jpg,0,100,normal,"The image shows a person standing on the escalator steps, which indicates they are using the escalator properly. There are no visible signs of a fall, such as the person lying on the ground or being in an unusual position."
2655704,frame_4516.jpg,50,80,fallOnEscalator,"The person appears to be kneeling on the escalator steps, which could indicate a fall. However, without additional context, it's not possible to determine the exact cause."
2655704,frame_4521.jpg,50,80,fallOnEscalator,"The person is kneeling on the escalator steps, which could indicate a fall or an attempt to stabilize themselves. However, without additional context, it's not possible to determine the exact cause."
2655704,frame_4526.jpg,10,80,normal,"The person appears to be standing on the escalator steps, which is a common and safe position. There are no visible signs of distress or an unusual posture that would suggest a fall."
2655704,frame_4531.jpg,10,80,normal,"The image shows a person standing on the escalator steps, which is a common and safe position. There are no visible signs of a fall, such as the person being on the ground or in an unusual position. The escalator appears to be functioning normally."
2655704,frame_4536.jpg,0,100,normal,"The image shows a person standing on the escalator steps, which indicates they are using the escalator properly and there is no indication of a fall."
2655704,frame_4541.jpg,0,100,normal,The person is standing upright and appears to be using the escalator normally without any signs of a fall.
2655704,frame_4546.jpg,10,80,normal,"The person appears to be standing on the escalator steps, and there is no visible indication of a fall. However, the angle and position make it difficult to determine the exact situation with certainty."
2655704,frame_4551.jpg,10,80,normal,"The person appears to be standing on the escalator steps, and there is no visible indication of a fall. The posture and position suggest they are using the escalator normally."
2655704,frame_4556.jpg,50,80,fallOnEscalator,"The person appears to be in a precarious position, leaning forward with one hand on the escalator handrail and the other on the steps, which could indicate a loss of balance. However, there is no clear indication of a fall having already occurred."
2655704,frame_4561.jpg,0,100,normal,"The person appears to be standing on the escalator steps, holding onto the handrail, and there is no visible indication of a fall."
2655704,frame_4566.jpg,0,100,normal,"The person is standing on the escalator steps, which is a normal and safe position. There are no visible signs of a fall, such as the person being on the ground or in an unusual position."
2655704,frame_4571.jpg,0,100,normal,"The person is standing on the escalator steps, which is a normal and safe position. There is no indication of any fall or accident."
2655704,frame_4576.jpg,0,100,normal,"The person appears to be standing normally on the escalator steps, with no visible signs of a fall or any unusual positioning that would suggest a fall has occurred."
2655704,frame_4581.jpg,80,85,fallOnEscalator,"The person is crouched on the escalator steps, which suggests they may have lost balance or are in the process of falling. The position and the context of the escalator environment support this assessment."
2655704,frame_4586.jpg,80,90,fallOnEscalator,"The person appears to be in a position that suggests they may have lost balance or fallen, as they are crouched on the escalator steps. The red handrail is also visible, which might indicate an attempt to stabilize themselves."
2655704,frame_4591.jpg,10,80,normal,"The person appears to be standing normally on the escalator steps, and there is no visible indication of a fall, such as a person lying on the ground or an object scattered around."
2655704,frame_4596.jpg,10,80,normal,"The person appears to be standing on the escalator steps, and there is no visible indication of a fall. The posture and position suggest they are using the escalator normally."
2655704,frame_4601.jpg,0,100,normal,"The image shows two people standing on the escalator steps, which appear to be functioning normally without any visible signs of malfunction or obstruction. There are no indications of a fall having occurred."
2655704,frame_4606.jpg,0,100,normal,"The person is standing on the escalator steps, holding onto the handrail, and there is no indication of any loss of balance or movement that would suggest a fall."
2655704,frame_4611.jpg,0,100,normal,"The person is standing on the escalator steps, holding onto the handrail, and there is no indication of any loss of balance or control."
2655704,frame_4616.jpg,0,100,normal,"The person is standing on the escalator steps, holding onto the handrail, and there is no indication of any loss of balance or control."
2655704,frame_4621.jpg,0,100,normal,The person is holding onto the handrail and appears to be using the escalator safely.
2655704,frame_4626.jpg,0,100,normal,"The person is standing on the escalator steps, holding onto the handrail, and there is no indication of any loss of balance or control."
2655704,frame_4631.jpg,0,100,normal,"The person is standing on the escalator steps, holding onto the handrail, and there is no indication of any loss of balance or control."
2655704,frame_4636.jpg,0,100,normal,"The person appears to be standing and holding onto the handrail, indicating they are not in a position that suggests they have fallen."
2655704,frame_4641.jpg,0,100,normal,"The person appears to be standing and holding onto the handrail, indicating they are not in a position that suggests they have fallen."
2655704,frame_4646.jpg,0,100,normal,"The person is standing on the escalator steps, which is a normal and safe position. There are no visible signs of a fall, such as the person being on the ground or in an unusual position."
2655704,frame_4651.jpg,0,100,normal,"The person is standing on the escalator steps, which is a normal and safe position. There are no visible signs of a fall, such as the person being on the ground or in an unusual position."
2655704,frame_4656.jpg,0,100,normal,"The person is standing on the escalator steps, which indicates they are using it properly and there is no indication of a fall."
2655704,frame_4661.jpg,0,100,normal,"The person appears to be standing normally on the escalator, with no signs of a fall."
2655704,frame_4666.jpg,0,100,normal,"The person appears to be standing normally on the escalator steps, and there is no visible indication of a fall or any unusual position that would suggest a fall has occurred."
2655704,frame_4671.jpg,0,100,normal,"The image shows two people standing on an escalator, with no signs of distress or movement that would indicate a fall. The escalator appears to be functioning normally."
2655704,frame_4676.jpg,0,100,normal,"The image shows a person standing on the escalator steps, which appear to be functioning normally without any visible obstructions or malfunctions. There is no indication of a fall or any other incident."
2655704,frame_4681.jpg,0,100,normal,"The image shows a person standing on the escalator steps, which appear to be functioning normally without any visible signs of malfunction or obstruction. There is no indication of a fall or any other incident."
2655704,frame_4686.jpg,0,100,normal,"The image shows a person standing on the escalator, holding onto the handrail, which suggests they are using the escalator properly and there is no indication of a fall."
2655708,frame_4130.jpg,0,100,normal,"The image shows a person using the escalator normally without any signs of a fall, such as a person lying on the ground or an object scattered around. The person appears to be standing upright and holding onto the handrail, which is typical behavior for using an escalator safely."
2655708,frame_4134.jpg,0,100,normal,The person is standing upright and appears to be using the escalator normally without any signs of distress or imbalance.
2655708,frame_4139.jpg,0,100,normal,"The person is standing upright and holding onto the handrail, indicating they are using the escalator safely. There are no visible signs of a fall or any other incident."
2655708,frame_4144.jpg,80,90,fallOnEscalator,"The person is in a position that suggests they may have lost balance or control, which is a common cause of falls on escalators."
2655708,frame_4149.jpg,80,90,fallOnEscalator,"The person is in a position that suggests they have lost balance and are falling, which is a common scenario for falls on escalators."
2655708,frame_4154.jpg,80,90,fallOnEscalator,"The person is on their hands and knees on the escalator, which is an unusual position for someone using it normally. This suggests they may have fallen or are in distress."
2655708,frame_4159.jpg,80,90,fallOnEscalator,"The person is bent over and appears to be in a position that suggests they may have fallen or are struggling to get up, which is a common scenario for someone who has fallen on an escalator."
2655708,frame_4164.jpg,80,90,fallOnEscalator,"The person is bent over and appears to be in a position that suggests they may have lost balance or fallen. The posture and the fact that they are on an escalator, which can be slippery, support this assessment."
2655708,frame_4169.jpg,80,90,fallOnEscalator,"The person is lying on the escalator steps, which is a common position for someone who has fallen. The lack of other people nearby and the person's position suggest they may have lost balance and fallen."
2655708,frame_4174.jpg,80,90,fallOnEscalator,"The person appears to be in a position that suggests they may have lost balance or fallen, as they are not standing upright and are leaning back. However, without further context, it's not possible to confirm with certainty."
2655708,frame_4179.jpg,80,90,fallOnEscalator,"The person appears to be in a position that suggests they may have lost balance or control, which is a common cause of falls on escalators. However, without additional context, it's not possible to determine the exact cause."
2655708,frame_4184.jpg,80,90,fallOnEscalator,"The person appears to be in an unusual position on the escalator, with one leg extended and arms outstretched, which is not a typical posture for someone using an escalator. This suggests a possible loss of balance or a fall."
2655708,frame_4189.jpg,80,90,fallOnEscalator,"The person appears to be in a position that suggests they may have lost balance or control, which is a common cause of falls on escalators."
2655708,frame_4194.jpg,80,90,fallOnEscalator,"The person appears to be in a position that suggests they may have lost balance or control, which is a common cause of falls on escalators."
2655708,frame_4199.jpg,80,90,fallOnEscalator,"The person is lying on the escalator steps, which is a common position for someone who has fallen. The lack of other people around and the person's position suggest an accidental fall."
2655708,frame_4204.jpg,80,90,fallOnEscalator,"The person appears to be in a position that suggests they may have lost balance or control, which is common in falls on escalators. The posture and position on the step are indicative of a potential fall."
2655708,frame_4209.jpg,80,90,fallOnEscalator,"The person is bent over and appears to be in a position that suggests they may have lost balance or fallen. The context of the image, with the person on the escalator, supports this interpretation."
2655708,frame_4214.jpg,80,90,fallOnEscalator,"The person is crouched on the escalator steps, which is an unusual position for someone using the escalator. This suggests they may have lost balance or fallen."
2655708,frame_4219.jpg,80,90,fallOnEscalator,"The person is in a position that suggests they may have lost balance or control, which is a common cause of falls on escalators."
2655708,frame_4224.jpg,80,90,fallOnEscalator,"The person is in a position that suggests they may have lost balance or control, which is a common cause of falls on escalators."
2655708,frame_4229.jpg,80,90,fallOnEscalator,"The person is in a position that suggests they may have lost balance or control, which is a common cause of falls on escalators."
2655708,frame_4234.jpg,90,95,fallOnEscalator,"The person is lying on the escalator steps, which is a common position for someone who has fallen. The escalator is stationary, and there are no visible signs of movement, which supports the likelihood of a fall."
2655708,frame_4239.jpg,80,90,fallOnEscalator,"The person is lying on the escalator steps, which is a common position for someone who has fallen. The escalator is not in motion, which suggests it may have stopped after the fall."
2655708,frame_4244.jpg,90,95,fallOnEscalator,"The person is lying on the escalator steps, which is a common position for someone who has fallen. The lack of other people around and the person's position suggest an accidental fall."
2655708,frame_4249.jpg,80,90,fallOnEscalator,"The person is in a position that suggests they may have lost balance or control, which is a common cause of falls on escalators."
2655708,frame_4254.jpg,90,95,fallOnEscalator,"The person is lying on the escalator steps, which is a common position for someone who has fallen. The escalator is not in motion, and the person's posture suggests they may have lost balance."
2655708,frame_4259.jpg,80,90,fallOnEscalator,"The person is in a position that suggests they may have lost balance or control, which is a common cause of falls on escalators."
2655708,frame_4264.jpg,80,90,fallOnEscalator,"The person is in a position that suggests they may have lost balance or control, which is a common cause of falls on escalators."
2655708,frame_4269.jpg,80,90,fallOnEscalator,"The person is in a position that suggests they have lost balance and are sliding down the escalator, which is a common scenario for falls."
2655708,frame_4274.jpg,80,85,fallOnEscalator,"The person appears to be in a precarious position, leaning forward with one hand on the escalator handrail, which suggests they might have lost balance or are struggling to maintain it. This posture is common in situations where someone is about to fall or has just fallen on an escalator."
2655708,frame_4279.jpg,50,80,fallOnEscalator,"The person is in a dynamic position, which could suggest a fall, but without additional context, it's uncertain."
2655708,frame_4284.jpg,0,100,normal,The person is standing upright and appears to be using the escalator normally without any signs of distress or imbalance.
2655708,frame_4289.jpg,0,100,normal,The person is standing upright and appears to be using the escalator normally without any signs of distress or imbalance.
2655708,frame_4294.jpg,0,100,normal,"The person is standing upright and appears to be using the escalator normally, without any signs of a fall or accident."
2655708,frame_4299.jpg,0,100,normal,"The image shows a person standing on the escalator steps, which is a normal and safe position. There are no signs of a fall, such as a person lying on the ground or an overturned stroller. The escalator appears to be functioning properly, and the person seems to be moving with the escalator."
2655708,frame_4304.jpg,10,90,normal,"The person is standing on the escalator steps, which is a common and safe position. There are no visible signs of distress or instability, and the escalator appears to be functioning normally."
2655708,frame_4309.jpg,0,100,normal,The person is standing upright and appears to be using the escalator normally without any signs of distress or imbalance.
2655708,frame_4314.jpg,0,100,normal,The person is standing upright and appears to be using the escalator normally without any signs of distress or imbalance.
2655708,frame_4319.jpg,0,100,normal,"The image shows a person standing on the escalator steps, which indicates they are using it properly. There are no signs of a fall or any unusual positioning that would suggest an accident."
2655708,frame_4324.jpg,50,80,fallOnEscalator,"The person appears to be in a precarious position, leaning forward on the escalator steps, which could indicate a loss of balance. However, without additional context or motion, it's not possible to definitively determine if a fall has occurred."
2655708,frame_4329.jpg,0,100,normal,"The image shows a person standing on the escalator, and there are no visible signs of a fall, such as people lying on the ground or objects scattered around. The escalator appears to be functioning normally."
2655708,frame_4334.jpg,0,100,normal,"The image shows a person standing upright on the escalator, and there are no visible signs of a fall, such as people lying on the ground or objects scattered around."
2655708,frame_4339.jpg,10,80,normal,"The person appears to be standing normally on the escalator, and there are no visible signs of distress or an accident."
2655708,frame_4344.jpg,50,80,fallOnEscalator,"The person appears to be in a precarious position on the escalator, which could indicate a fall. However, without additional context, it's not possible to determine the exact cause or outcome."
2655708,frame_4349.jpg,50,80,fallOnEscalator,"The person is lying on the escalator, which could indicate a fall. However, without additional context, it's not certain."
2655708,frame_4354.jpg,50,80,fallOnEscalator,"The person appears to be in a precarious position, leaning forward on the escalator steps, which could suggest a loss of balance. However, without additional context or movement, it's not possible to definitively determine if a fall has occurred."
2655708,frame_4359.jpg,50,80,fallOnEscalator,"The person is bent over and appears to be in a position that could indicate a fall, but without additional context, it's not certain."
2655708,frame_4364.jpg,10,80,normal,"The person appears to be standing normally on the escalator, and there are no visible signs of distress or an accident."
2655708,frame_4369.jpg,50,80,fallOnEscalator,"The person is standing on the escalator steps, which is a common position for someone who has fallen. However, without additional context or movement, it's not definitive."
2655708,frame_4374.jpg,0,100,normal,"The image shows a person standing on the escalator steps, which is a normal and safe position. There are no visible signs of a fall, such as someone lying on the ground or an overturned escalator. The person appears to be in control and moving normally."
2655708,frame_4379.jpg,0,100,normal,"The image shows a person standing on the escalator, and there are no visible signs of a fall or any disarray that would indicate an accident. The escalator appears to be functioning normally."
2656030,frame_4256.jpg,0,100,normal,"The image shows a person standing on the escalator steps, which are moving steadily. There are no signs of a fall, such as a person lying on the ground or an overturned escalator. The person appears to be using the escalator normally."
2656030,frame_4260.jpg,0,100,normal,"The image shows a person standing on the escalator steps, which are moving steadily. There are no signs of a fall, such as a person lying on the ground or an overturned stroller. The person appears to be using the escalator normally."
2656030,frame_4265.jpg,0,100,normal,"The image shows a person standing on the escalator steps, which are moving, but there is no indication of a fall. The person appears to be using the escalator normally."
2656030,frame_4270.jpg,0,100,normal,"The image shows a person standing on the escalator steps, which are moving, but there is no indication of a fall. The person appears to be using the escalator normally."
2656030,frame_4275.jpg,0,100,normal,"The image shows a person standing on the escalator steps, which are moving normally. There are no visible signs of a fall, such as someone lying on the ground or an obstruction on the escalator. The person appears to be using the escalator safely."
2656030,frame_4280.jpg,0,100,normal,The image shows a person using an escalator in a normal manner without any signs of a fall or accident. The person appears to be standing correctly and there are no visible obstructions or issues that would suggest a fall has occurred.
2656030,frame_4285.jpg,0,100,normal,"The image shows a person standing on the escalator steps, which is a normal and safe position. There are no signs of a fall, such as the person lying on the ground or any disarray on the escalator."
2656030,frame_4290.jpg,0,100,normal,"The person is standing upright and appears to be moving normally on the escalator. There are no visible signs of a fall, such as the person lying down or being in an unusual position."
2656030,frame_4295.jpg,0,100,normal,"The person is standing upright and holding onto the handrail, indicating they are using the escalator safely. There are no visible signs of a fall or any unusual behavior."
2656030,frame_4300.jpg,10,80,normal,"The person appears to be sitting on the escalator steps, which is not a typical position for someone who has fallen. They might be intentionally sitting or adjusting something, rather than having fallen."
2656030,frame_4305.jpg,80,85,fallOnEscalator,"The person is crouched on the escalator steps, which is an unusual position for someone using an escalator. This suggests they may have lost balance or fallen."
2656030,frame_4310.jpg,10,80,normal,"The person appears to be sitting on the escalator steps, which is not a typical position for someone using an escalator. This could indicate a fall, but without additional context, it's not certain."
2656030,frame_4315.jpg,10,80,normal,"The person appears to be standing normally on the escalator, and there are no visible signs of distress or an accident."
2656030,frame_4320.jpg,10,80,normal,"The person appears to be standing normally on the escalator, and there are no visible signs of distress or an accident."
2656030,frame_4325.jpg,50,80,fallOnEscalator,"The person is standing on the edge of the escalator step, which is a common position for someone who might lose balance and fall. However, there is no clear indication of a fall, such as a person on the ground or a visible injury."
2656030,frame_4330.jpg,10,80,normal,"The person appears to be standing on the escalator steps, which is a common and safe position. There are no visible signs of distress or an unusual posture that would suggest a fall."
2656030,frame_4335.jpg,10,80,normal,"The person appears to be sitting on the escalator steps, which is not a typical position for someone using an escalator. This could indicate a fall, but without additional context, it's not certain."
2656030,frame_4340.jpg,10,80,normal,"The person appears to be sitting on the escalator steps, which is not a typical position for someone using an escalator. This could indicate a fall, but without additional context, it's not certain."
2656030,frame_4345.jpg,0,100,normal,"The person is standing upright and appears to be using the escalator normally, with no signs of a fall."
2656030,frame_4350.jpg,0,100,normal,"The image shows a person standing on the escalator steps, which is a normal and safe position. There are no signs of a fall, such as the person lying on the ground or in an unusual position. The escalator appears to be functioning normally without any visible obstructions or malfunctions."
2656030,frame_4355.jpg,0,100,normal,"The image shows a person standing on the escalator steps, which is a normal and safe position. There are no visible signs of a fall, such as the person lying on the ground or any disarray on the escalator."
2656030,frame_4360.jpg,10,80,normal,"The person appears to be standing normally on the escalator, and there are no visible signs of distress or an accident."
2656030,frame_4365.jpg,50,80,fallOnEscalator,"The person appears to be in a position that could suggest a fall, but without additional context, it's not definitive."
2656030,frame_4370.jpg,10,90,normal,"The person appears to be standing normally on the escalator, and there are no visible signs of a fall, such as a person lying on the ground or an overturned stroller."
2656030,frame_4375.jpg,0,100,normal,"The person on the escalator appears to be standing normally, and there are no visible signs of a fall, such as a person lying on the ground or an overturned stroller."
2656030,frame_4380.jpg,10,80,normal,"The person appears to be standing normally on the escalator, and there are no visible signs of distress or an accident."
2656030,frame_4385.jpg,0,100,normal,The person is standing upright and appears to be using the escalator normally without any signs of distress or imbalance.
2656030,frame_4390.jpg,0,100,normal,"The person is standing on the escalator steps, which is a normal and safe position. There is no indication of any fall or accident."
2656030,frame_4395.jpg,0,100,normal,The person is standing upright and appears to be using the escalator normally without any signs of a fall.
2656030,frame_4400.jpg,0,100,normal,The person is standing upright and appears to be using the escalator normally without any signs of distress or imbalance.
2656030,frame_4405.jpg,0,100,normal,The person is standing upright and appears to be using the escalator normally without any signs of distress or imbalance.
2656030,frame_4410.jpg,0,100,normal,The person is standing upright and appears to be using the escalator normally without any signs of distress or imbalance.
2656030,frame_4415.jpg,0,100,normal,"The image shows a person standing on the escalator steps, which are moving steadily. There are no signs of a fall, such as a person lying on the ground or an overturned escalator. The person appears to be using the escalator normally."
2656030,frame_4420.jpg,0,100,normal,"The image shows a person standing on the escalator steps, which is a normal and safe position. There are no signs of a fall, such as a person lying on the ground or an overturned escalator. The person appears to be ascending or descending the escalator in a controlled manner."
2656030,frame_4425.jpg,0,100,normal,"The image shows a person standing on the escalator steps, which is a normal and safe position. There are no visible signs of a fall, such as someone lying on the ground or an overturned escalator. The person appears to be ascending or descending the escalator in a controlled manner."
2656030,frame_4430.jpg,0,100,normal,"The image shows a person standing on the escalator steps, which is a normal and safe position. There are no signs of a fall, such as a person lying on the ground or an overturned escalator. The person appears to be ascending or descending the escalator in a controlled manner."
2656030,frame_4435.jpg,0,100,normal,"The image shows a person standing on the escalator steps, which are moving normally without any visible signs of malfunction or obstruction. There are no indications of a fall having occurred."
2656030,frame_4440.jpg,0,100,normal,"The image shows a person standing on the escalator steps, which are moving, but there is no indication of a fall. The person appears to be using the escalator normally."
2656030,frame_4445.jpg,0,100,normal,"The image shows a person standing on the escalator steps, which are moving, but there is no indication of a fall. The person appears to be using the escalator normally."
2656030,frame_4450.jpg,0,100,normal,"The image shows a person standing on the escalator, and there are no visible signs of a fall or any disarray that would indicate an accident. The escalator appears to be functioning normally."
2656030,frame_4455.jpg,0,100,normal,"The escalator appears to be functioning normally with no visible obstructions or malfunctions. The person is standing upright and moving steadily, indicating no signs of a fall."
2656030,frame_4460.jpg,0,100,normal,The escalator appears to be functioning normally with no visible obstructions or malfunctions. The person is standing upright and there are no signs of distress or an accident.
2656030,frame_4465.jpg,0,100,normal,The escalator appears to be functioning normally with no visible obstructions or malfunctions. The person is standing upright and there are no signs of distress or an accident.
2656030,frame_4470.jpg,0,100,normal,"The image shows a person standing on the escalator, and there are no visible signs of a fall, such as people lying on the ground or objects scattered around. The escalator appears to be functioning normally."
2656030,frame_4475.jpg,0,100,normal,"The image shows a person standing on an escalator, not in a position that suggests they have fallen. The escalator appears to be functioning normally, and there are no visible signs of an accident or emergency."
2656030,frame_4480.jpg,0,100,normal,"The image shows a person standing on an escalator, not in a position that suggests they have fallen. The escalator appears to be functioning normally, and there are no visible signs of an accident."
2656030,frame_4485.jpg,0,100,normal,"The escalator appears to be functioning normally with no visible obstructions or people in distress. The person on the escalator is standing upright, indicating no fall has occurred."
2656030,frame_4490.jpg,0,100,normal,"The escalator appears to be functioning normally with no visible obstructions or people in distress. The person on the escalator is standing upright, indicating no fall has occurred."
2656030,frame_4495.jpg,0,100,normal,"The escalator appears to be functioning normally with no visible obstructions or people in distress. The person on the escalator is standing upright, indicating no fall has occurred."
2656030,frame_4500.jpg,0,100,normal,"The escalator appears to be functioning normally with no visible obstructions or people in distress. The person on the escalator is standing upright, indicating no fall has occurred."
2656030,frame_4505.jpg,0,100,normal,"The escalator appears to be functioning normally with no visible obstructions or people in distress. The area is clean and well-maintained, suggesting a safe environment."
2656030,frame_4510.jpg,0,100,normal,"The escalator appears to be functioning normally with no visible obstructions or people in distress. The person on the escalator is standing upright, indicating no fall has occurred."
2656030,frame_4515.jpg,0,100,normal,"The escalator appears to be functioning normally with no visible obstructions or people in distress. The area is clean and well-maintained, suggesting a safe environment."
2656030,frame_4520.jpg,0,100,normal,"The escalator appears to be functioning normally with no visible obstructions or people in distress. The area is clean and well-maintained, suggesting a safe environment."
2656030,frame_4525.jpg,0,100,normal,"The escalator appears to be functioning normally with no visible obstructions or people in distress. The area is clean and well-maintained, suggesting a safe environment."
2656030,frame_4530.jpg,0,100,normal,"The escalator appears to be functioning normally with no visible obstructions or people in distress. The area is clean and well-maintained, suggesting a safe environment."
2656030,frame_4535.jpg,0,100,normal,"The escalator appears to be functioning normally with no visible obstructions or people in distress. The area is clean and well-maintained, suggesting a safe environment."
2656030,frame_4540.jpg,0,100,normal,"The escalator appears to be functioning normally with no visible obstructions or people in distress. The area is clean and well-maintained, suggesting a safe environment."
2656030,frame_4545.jpg,0,100,normal,"The escalator appears to be functioning normally with no visible obstructions or people in distress. The area is clean and well-maintained, suggesting a safe environment."
2656030,frame_4550.jpg,0,100,normal,"The escalator appears to be functioning normally with no visible obstructions or people in distress. There are no signs of a recent fall, such as debris or people in an unusual position."
2656030,frame_4555.jpg,0,100,normal,"The escalator appears to be functioning normally with no visible obstructions or people in distress. The area is clean and well-maintained, suggesting a safe environment."
2656030,frame_4560.jpg,0,100,normal,"The escalator appears to be functioning normally with no visible obstructions or people in distress. The area is clean and well-maintained, suggesting a safe environment."
2656030,frame_4565.jpg,0,100,normal,"The escalator appears to be functioning normally with no visible obstructions or people in distress. The area is clean and well-maintained, suggesting a safe environment."
2656030,frame_4570.jpg,0,100,normal,"The escalator appears to be functioning normally with no visible obstructions or people in distress. The area is clean and well-maintained, suggesting a safe environment."
2656030,frame_4575.jpg,0,100,normal,"The escalator appears to be functioning normally with no visible obstructions or people in distress. The area is clean and well-maintained, suggesting a safe environment."
2656030,frame_4580.jpg,0,100,normal,"The escalator appears to be functioning normally with no visible obstructions or people in distress. There are no signs of a fall, such as people lying on the ground or broken equipment."
2656030,frame_4585.jpg,0,100,normal,"The escalator appears to be functioning normally with no visible obstructions or people in distress. There are no signs of a recent fall, such as debris or people gathered around the escalator."
2656030,frame_4590.jpg,0,100,normal,"The escalator appears to be functioning normally with no visible obstructions or people in distress. The area is clean and well-maintained, suggesting a safe environment."
2656030,frame_4595.jpg,0,100,normal,"The escalator appears to be functioning normally with no visible obstructions or people in distress. There are no signs of a fall, such as people lying on the ground or broken equipment."
2656030,frame_4600.jpg,0,100,normal,"The escalator appears to be functioning normally with no visible obstructions or people in distress. The area is clean and well-maintained, suggesting a safe environment."
2656030,frame_4605.jpg,0,100,normal,"The escalator appears to be functioning normally with no visible obstructions or people in distress. The area is clean and well-maintained, suggesting a safe environment."
2656030,frame_4610.jpg,0,100,normal,"The escalator appears to be functioning normally with no visible obstructions or people in distress. The area is clean and well-maintained, suggesting a safe environment."
2656134,frame_4171.jpg,0,100,normal,"The person is standing on the escalator steps, which is a normal and safe position. There is no indication of a fall or any other unsafe behavior."
2656134,frame_4175.jpg,0,100,normal,"The person is standing on the escalator steps, which is a normal and safe position. There is no indication of a fall or any other incident."
2656134,frame_4180.jpg,0,100,normal,"The image shows a person standing on the escalator steps, which indicates they are using the escalator properly and there is no indication of a fall."
2656134,frame_4185.jpg,10,80,normal,"The person appears to be standing normally on the escalator, and there is no visible indication of a fall. However, without additional context, it's not possible to rule out the possibility entirely."
2656134,frame_4190.jpg,0,100,normal,"The person is standing on the escalator steps, holding onto the handrail, and there is no indication of any loss of balance or fall."
2656134,frame_4195.jpg,0,100,normal,"The image shows a person standing on the escalator steps, which indicates they are using it properly. There are no visible signs of a fall or any unusual positioning that would suggest someone has fallen."
2656134,frame_4200.jpg,0,100,normal,"The image shows a person standing on the escalator steps, which indicates they are using the escalator properly. There are no visible signs of a fall or any unusual positioning that would suggest someone has fallen."
2656134,frame_4205.jpg,0,100,normal,"The image shows a person standing on the escalator steps, which appear to be functioning normally without any visible signs of malfunction or obstruction. There are no indications of a fall having occurred."
2656134,frame_4210.jpg,0,100,normal,"The image shows a person standing on the escalator steps, which indicates they are using the escalator properly. There are no visible signs of a fall, such as someone lying on the ground or an overturned stroller. The person appears to be in a normal, upright position, suggesting that they have not fallen."
2656134,frame_4215.jpg,0,100,normal,"The image shows a person standing on the escalator steps, which indicates they are using it properly. There are no signs of a fall or any unusual positioning that would suggest someone has fallen."
2656134,frame_4220.jpg,0,100,normal,"The escalator appears to be functioning normally with no visible obstructions or people in distress. The handrail and steps are intact, and there are no signs of a fall having occurred."
2656134,frame_4225.jpg,0,100,normal,"The image shows a person standing on the escalator steps, which indicates they are using it properly. There are no visible signs of a fall or any unusual positioning that would suggest someone has fallen."
2656134,frame_4230.jpg,0,100,normal,"The image shows a person standing on the escalator steps, which indicates they are using the escalator properly. There are no visible signs of a fall or any other incident."
2656134,frame_4235.jpg,0,100,normal,"The image shows a person standing on the escalator steps, which indicates they are using the escalator properly. There are no visible signs of a fall or any other incident."
2656134,frame_4240.jpg,0,100,normal,"The image shows a person standing on the escalator steps, which indicates they are using it properly. There are no signs of a fall or any unusual positioning that would suggest an accident."
2656134,frame_4245.jpg,0,100,normal,"The image shows a person standing on the escalator steps, which indicates they are using the escalator properly. There are no signs of a fall or any other incident."
2656134,frame_4250.jpg,50,80,fallOnEscalator,"The person is leaning forward, which could indicate a loss of balance, but it's not definitive."
2656134,frame_4255.jpg,50,80,fallOnEscalator,"The image shows a person lying on the escalator steps, which could indicate a fall. However, without additional context, it's unclear if the person is actually injured or if this is a staged situation."
2656134,frame_4260.jpg,50,80,fallOnEscalator,"The person is bending over, which could indicate they have fallen or are in the process of getting up. However, without additional context, it's not certain."
2656134,frame_4265.jpg,0,100,normal,"The image shows a person standing on the escalator steps, which indicates they are using the escalator properly. There are no visible signs of a fall, such as someone lying on the ground or an overturned stroller. The person appears to be in a normal, upright position, suggesting they are not in a situation where they have fallen."
2656134,frame_4270.jpg,80,90,fallOnEscalator,"The person appears to be in a position that suggests they may have lost balance or fallen, as they are on the ground near the escalator."
2656134,frame_4275.jpg,50,80,fallOnEscalator,"The person appears to be reaching out, which could indicate a loss of balance, but there is no clear evidence of a fall."
2656134,frame_4280.jpg,0,100,normal,"The person is standing on the escalator steps, not in a position that suggests they have fallen."
2656134,frame_4285.jpg,0,100,normal,"The image shows a person standing on the escalator steps, which indicates they are using the escalator properly. There are no visible signs of a fall or any other incident."
2656134,frame_4290.jpg,50,80,fallOnEscalator,"The person appears to be reaching out, possibly to regain balance, which suggests a potential risk of falling. However, there is no clear indication of a fall already occurring."
2656134,frame_4295.jpg,10,90,normal,The person appears to be holding onto the handrail and is not showing signs of losing balance or distress. The escalator seems to be functioning normally without any visible obstructions or malfunctions.
2656134,frame_4300.jpg,10,80,normal,"The person appears to be holding onto the handrail and is not showing signs of distress or imbalance. The escalator is functioning normally, and there are no visible obstructions or hazards."
2656134,frame_4305.jpg,50,80,fallOnEscalator,"The person appears to be reaching out to the handrail, which could indicate a loss of balance. However, there is no clear indication of a fall, so the probability is moderate."
2656134,frame_4310.jpg,0,100,normal,"The person is standing on the escalator steps, holding onto the handrail, and there is no indication of any loss of balance or fall."
2656134,frame_4315.jpg,0,100,normal,"The person is standing on the escalator steps, holding onto the handrail, and there is no indication of any loss of balance or fall."
2656134,frame_4320.jpg,0,100,normal,"The person appears to be standing normally on the escalator, with no signs of a fall or any unusual posture that would indicate a fall has occurred."
2656134,frame_4325.jpg,0,100,normal,"The person appears to be standing normally on the escalator, with no signs of a fall."
2656134,frame_4330.jpg,0,100,normal,"The person is standing upright and holding onto the handrail, indicating they are using the escalator safely. There are no visible signs of a fall or any other incident."
2656134,frame_4335.jpg,0,100,normal,"The person is standing upright and holding onto the handrail, indicating they are using the escalator safely."
2656134,frame_4340.jpg,0,100,normal,The person is holding onto the handrail and appears to be standing normally on the escalator steps. There are no visible signs of a fall or any other unusual activity.
2656134,frame_4345.jpg,0,100,normal,The person is holding onto the handrail and appears to be standing normally on the escalator steps. There is no indication of a fall or any unusual position that would suggest a fall has occurred.
2656134,frame_4350.jpg,0,100,normal,"The person is standing upright and holding onto the handrail, indicating they are using the escalator safely. There are no visible signs of a fall or any other incident."
2656134,frame_4355.jpg,0,100,normal,"The person appears to be standing normally on the escalator, with no signs of a fall or any unusual posture that would suggest a fall has occurred."
2656134,frame_4360.jpg,0,100,normal,"The person appears to be standing normally on the escalator, with no visible signs of a fall or distress."
2656134,frame_4365.jpg,0,100,normal,"The person appears to be standing normally on the escalator, with no visible signs of a fall or distress."
2656134,frame_4370.jpg,0,100,normal,"The person is standing upright and holding onto the handrail, indicating they are using the escalator safely."
2656134,frame_4375.jpg,50,80,fallOnEscalator,"The person appears to be holding onto the handrail, which suggests they are trying to stabilize themselves. However, the image does not provide enough context to determine if they have actually fallen or if they are in a precarious position."
2656134,frame_4380.jpg,50,80,fallOnEscalator,"The person appears to be holding onto the handrail, which suggests they are trying to stabilize themselves. However, the image does not provide enough context to determine if they have actually fallen or if they are in a precarious position."
2656134,frame_4385.jpg,50,80,fallOnEscalator,"The person is bent over, which could indicate they have fallen or are in the process of getting up. However, without additional context, it's not possible to determine with certainty."
2656134,frame_4390.jpg,80,90,fallOnEscalator,The person is bent over and appears to be in a position that suggests they may have stumbled or fallen. The posture and the context of being on an escalator increase the likelihood of a fall.
2656134,frame_4395.jpg,80,90,fallOnEscalator,"The person appears to be bent over and leaning forward, which is a common posture when someone is trying to regain balance after a fall. The position suggests they might have lost balance or are in the process of recovering from a fall."
2656134,frame_4400.jpg,80,85,fallOnEscalator,The person is bent over and appears to be in a position that suggests they may have fallen or are in the process of getting up. The context of the escalator and the person's posture support this interpretation.
2656134,frame_4405.jpg,80,90,fallOnEscalator,The person is bent over and appears to be in a position that suggests they may have stumbled or fallen. The posture and the context of being on an escalator increase the likelihood of a fall.
2656134,frame_4410.jpg,10,80,normal,"The person appears to be standing normally on the escalator, and there are no visible signs of a fall, such as a person lying on the ground or an overturned bag."
2656134,frame_4415.jpg,10,80,normal,"The person appears to be standing normally on the escalator steps, and there is no visible indication of a fall, such as a person lying on the ground or an object scattered around."
2656134,frame_4420.jpg,0,100,normal,"The person is standing on the escalator steps, holding onto the handrail, and there is no indication of any fall or accident."
2656134,frame_4425.jpg,0,100,normal,"The person is standing on the escalator steps, which is a normal and safe position. There are no visible signs of a fall, such as the person being on the ground or in an unusual position."
2656134,frame_4430.jpg,0,100,normal,"The person appears to be standing normally on the escalator, with no visible signs of a fall or distress."
2656134,frame_4435.jpg,0,100,normal,"The person appears to be standing normally on the escalator steps, with no visible signs of a fall or any unusual posture that would suggest a fall has occurred."
2656134,frame_4440.jpg,0,100,normal,"The person is standing on the escalator steps, which is a normal and safe position. There are no visible signs of a fall, such as the person being on the ground or in an unusual position."
2656134,frame_4445.jpg,0,100,normal,"The person is standing on the escalator steps, holding onto the handrail, and there is no visible indication of a fall or any other incident."
2656134,frame_4450.jpg,0,100,normal,"The person is standing on the escalator steps, holding onto the handrail, and there is no indication of any loss of balance or fall."
2656134,frame_4455.jpg,0,100,normal,"The person is standing on the escalator steps, holding onto the handrail, and there is no indication of any loss of balance or other factors that would suggest a fall is imminent."
2656134,frame_4460.jpg,0,100,normal,"The person is standing on the escalator steps, holding onto the handrail, and there is no indication of any loss of balance or other factors that would suggest a fall is imminent."
2656134,frame_4465.jpg,0,100,normal,"The person appears to be standing normally on the escalator, with no signs of a fall."
2656134,frame_4470.jpg,0,100,normal,"The person is standing upright and holding onto the handrail, indicating they are using the escalator safely. There are no visible signs of a fall or any other incident."
2656134,frame_4475.jpg,0,100,normal,"The person is standing on the escalator steps, holding onto the handrail, and there is no indication of any loss of balance or fall."
2656134,frame_4480.jpg,0,100,normal,"The person is standing upright and holding onto the handrail, indicating they are using the escalator safely. There are no visible signs of a fall or any other incident."
2656134,frame_4485.jpg,0,100,normal,"The person appears to be standing normally on the escalator, with no visible signs of a fall or distress."
2656134,frame_4490.jpg,0,100,normal,"The person appears to be standing normally on the escalator, with no signs of a fall."
2656134,frame_4495.jpg,0,100,normal,"The person appears to be standing normally on the escalator, with no signs of a fall."
2656134,frame_4500.jpg,0,100,normal,"The person appears to be standing normally on the escalator, holding onto the handrail, and there is no visible indication of a fall or any other incident."
2656134,frame_4505.jpg,0,100,normal,"The person appears to be standing normally on the escalator, with no signs of a fall or distress."
2656134,frame_4510.jpg,0,100,normal,"The person appears to be standing normally on the escalator, with no visible signs of a fall or distress."
2656134,frame_4515.jpg,0,100,normal,"The person appears to be standing normally on the escalator, with no signs of a fall."
2656317,frame_4190.jpg,0,100,normal,"The person is standing upright and appears to be using the escalator normally, with no signs of a fall."
2656317,frame_4194.jpg,0,100,normal,The person is standing upright and appears to be using the escalator normally without any signs of a fall.
2656317,frame_4199.jpg,0,100,normal,The person is standing upright and appears to be using the escalator normally without any signs of a fall.
2656317,frame_4204.jpg,0,100,normal,The person is standing upright and appears to be using the escalator normally without any signs of a fall.
2656317,frame_4209.jpg,0,100,normal,"The person is standing upright and appears to be using the escalator normally, with no signs of a fall."
2656317,frame_4214.jpg,0,100,normal,"The person is standing upright and appears to be using the escalator normally, with no signs of a fall or any unusual behavior."
2656317,frame_4219.jpg,0,100,normal,"The person is standing upright and holding onto the handrail, indicating they are using the escalator safely."
2656317,frame_4224.jpg,0,100,normal,"The image shows a person standing on the escalator steps, which appear to be functioning normally without any visible obstructions or malfunctions. There is no indication of a fall or any other incident."
2656317,frame_4229.jpg,0,100,normal,"The person appears to be standing normally on the escalator steps, with no signs of a fall or stumble."
2656317,frame_4234.jpg,0,100,normal,"The person is standing on the escalator steps, which is a normal and safe position. There are no visible signs of a fall, such as the person being on the ground or in an unusual position."
2656317,frame_4239.jpg,0,100,normal,"The person appears to be standing normally on the escalator steps, with no signs of a fall or stumble."
2656317,frame_4244.jpg,0,100,normal,"The person is standing upright and appears to be using the escalator normally, with no signs of a fall."
2656317,frame_4249.jpg,0,100,normal,The person is standing upright and appears to be using the escalator normally without any signs of a fall.
2656317,frame_4254.jpg,0,100,normal,"The person appears to be standing normally on the escalator steps, with no signs of a fall or stumble."
2656317,frame_4259.jpg,0,100,normal,"The person is standing on the escalator steps, which is a normal and safe position. There are no visible signs of a fall, such as the person being on the ground or in an unusual position."
2656317,frame_4264.jpg,0,100,normal,"The person appears to be standing normally on the escalator steps, with no visible signs of a fall or distress."
2656317,frame_4269.jpg,0,100,normal,"The image shows a person standing on the escalator steps, which appear to be functioning normally without any visible obstructions or malfunctions that would suggest a fall is imminent."
2656317,frame_4274.jpg,0,100,normal,The person is standing upright and appears to be using the escalator normally without any signs of a fall.
2656317,frame_4279.jpg,0,100,normal,"The person is standing on the escalator steps, which is a normal and safe position. There is no indication of any fall or accident."
2656317,frame_4284.jpg,0,100,normal,The person is standing upright and appears to be using the escalator normally without any signs of a fall.
2656317,frame_4289.jpg,10,80,normal,"The person appears to be standing normally on the escalator steps, and there is no visible indication of a fall. However, without additional context, it's difficult to be completely certain."
2656317,frame_4294.jpg,0,100,normal,"The person is standing on the escalator steps, which is a normal and safe position. There is no indication of any fall or accident."
2656317,frame_4299.jpg,0,100,normal,"The person on the escalator appears to be standing normally, and there are no visible signs of a fall, such as a person lying on the steps or objects scattered around."
2656317,frame_4304.jpg,0,100,normal,"The person is standing on the escalator steps, which is a normal and safe position. There are no visible signs of a fall or any unusual behavior that would suggest a fall has occurred."
2656317,frame_4309.jpg,0,100,normal,"The image shows a person standing on the escalator steps, which appear to be functioning normally without any visible obstructions or malfunctions that would suggest a risk of falling."
2656317,frame_4314.jpg,0,100,normal,"The person is standing on the escalator steps, which is a normal and safe position. There are no visible signs of a fall, such as the person lying down or being in an unusual position."
2656317,frame_4319.jpg,10,80,normal,"The person appears to be standing normally on the escalator, and there are no visible signs of a fall, such as a person lying on the ground or an overturned bag."
2656317,frame_4324.jpg,0,100,normal,"The image shows a person standing on the escalator steps, which indicates they are using it properly. There are no signs of a fall or any unusual positioning that would suggest an accident."
2656317,frame_4329.jpg,0,100,normal,"The image shows a person standing on the escalator steps, which indicates they are using it properly. There are no signs of a fall or any unusual positioning that would suggest an accident."
2656343,frame_4149.jpg,0,100,normal,The image shows people using the escalator normally without any visible signs of a fall or accident.
2656343,frame_4153.jpg,0,100,normal,The image shows people using the escalator normally without any visible signs of a fall or accident.
2656343,frame_4158.jpg,0,100,normal,The image shows people using the escalator normally without any visible signs of a fall or accident.
2656343,frame_4163.jpg,0,100,normal,The image shows people using the escalator normally without any visible signs of a fall or accident.
2656343,frame_4168.jpg,0,100,normal,The image shows people using the escalator normally without any visible signs of a fall or accident.
2656343,frame_4173.jpg,0,100,normal,The image shows people using the escalator normally without any visible signs of a fall or accident.
2656343,frame_4178.jpg,0,100,normal,The image shows people using the escalator normally without any visible signs of a fall or accident.
2656343,frame_4183.jpg,0,100,normal,The image shows people using the escalator normally without any visible signs of a fall or accident.
2656343,frame_4188.jpg,0,100,normal,The image shows people using escalators safely and there are no visible signs of a fall or any disruptions.
2656343,frame_4193.jpg,80,85,fallOnEscalator,The image shows a person on the escalator who appears to be in a position that suggests they may have fallen or are struggling to maintain balance. The presence of a person in a white shirt who seems to be assisting or checking on them further supports the likelihood of a fall.
2656343,frame_4198.jpg,80,90,fallOnEscalator,"The image shows a person lying on an escalator, which suggests they may have fallen. The presence of other people and the setting indicate it is a public area where such incidents can occur."
2656343,frame_4203.jpg,80,90,fallOnEscalator,"The image shows a person lying on an escalator, which suggests they may have fallen. The presence of other people and the context of a public transportation setting increase the likelihood of this scenario."
2656343,frame_4208.jpg,80,90,fallOnEscalator,"The image shows a person on the escalator who appears to be in an unusual position, possibly having fallen. The presence of other people and the setting suggest it is a public place where such incidents can occur."
2656343,frame_4213.jpg,80,90,fallOnEscalator,"The image shows a person lying on an escalator, which suggests they may have fallen. The presence of other people and the setting of a public transportation area also support this interpretation."
2656343,frame_4218.jpg,80,90,fallOnEscalator,"The image shows a person lying on the escalator steps, which suggests they may have fallen. The presence of other people nearby and the fact that the escalator is in operation also support this interpretation."
2656343,frame_4223.jpg,80,90,fallOnEscalator,"The image shows a person lying on an escalator, which suggests they may have fallen. The presence of other people nearby and the fact that the escalator is in operation could indicate an incident."
2656343,frame_4228.jpg,80,90,fallOnEscalator,"The image shows a person lying on an escalator, which suggests they may have fallen. The presence of other people nearby and the fact that the escalator is in operation also support this interpretation."
2656343,frame_4233.jpg,80,90,fallOnEscalator,"The image shows a person in a dynamic position on an escalator, which suggests they may have lost balance or fallen. The presence of other people and the setting of a public transportation area also support the likelihood of an incident."
2656343,frame_4238.jpg,80,90,fallOnEscalator,"The image shows a person lying on an escalator, which suggests they may have fallen. The presence of other people nearby and the fact that the escalator is in operation also support this interpretation."
2656343,frame_4243.jpg,80,90,fallOnEscalator,"The person on the escalator appears to be in a position that suggests they may have lost balance or fallen, as they are not standing upright and are leaning forward."
2656343,frame_4248.jpg,10,80,normal,"The image shows a person on the escalator who appears to be in a position that could suggest a fall, but there is no clear evidence of a fall having occurred. The person is standing, and there are no visible signs of distress or injury. The escalator is functioning normally, and other people are using it without incident."
2656343,frame_4253.jpg,50,80,fallOnEscalator,"The image shows a person lying on an escalator, which suggests a fall. However, without additional context, it's not possible to determine the exact cause or if it was an accident."
2656343,frame_4258.jpg,80,85,fallOnEscalator,"The image shows a person lying on the escalator steps, which suggests they may have fallen. The presence of a person in a pink jacket standing nearby and looking down also indicates concern, supporting the likelihood of a fall."
2656343,frame_4263.jpg,80,90,fallOnEscalator,"The image shows a person lying on an escalator, which suggests they may have fallen. The presence of a person in a pink jacket on the adjacent escalator and the overall setting of a public transportation area support this interpretation."
2656343,frame_4268.jpg,10,80,normal,"The image shows a person on the escalator who appears to be in a normal position, and there are no visible signs of a fall, such as people lying on the ground or objects scattered. The escalator is in operation, and the person seems to be moving normally."
2656343,frame_4273.jpg,50,80,fallOnEscalator,"The person on the escalator appears to be in a precarious position, which could suggest a fall. However, without additional context or motion, it's not possible to definitively determine the situation."
2656343,frame_4278.jpg,80,90,fallOnEscalator,"The image shows a person lying on the escalator steps, which suggests they may have fallen. The presence of a person in a pink jacket standing nearby and looking down also indicates concern, supporting the likelihood of a fall."
2656343,frame_4283.jpg,10,80,normal,"The person on the escalator appears to be in a controlled position, and there are no visible signs of distress or an accident. The escalator is functioning normally, and the surroundings do not indicate a hazardous situation."
2656343,frame_4288.jpg,0,100,normal,"The image shows a person standing on the escalator steps, which is a normal and safe position. There are no visible signs of a fall, such as people lying on the ground or objects scattered around. The escalator appears to be functioning properly with no visible malfunctions or obstructions."
2656343,frame_4293.jpg,0,100,normal,The image shows people using the escalator normally without any visible signs of a fall or accident.
2656343,frame_4298.jpg,0,100,normal,The image shows people using the escalator normally without any visible signs of a fall or accident.
2656343,frame_4303.jpg,0,100,normal,"The image shows a person using the escalator normally without any signs of a fall, such as a person lying on the ground or an overturned stroller."
2656490,frame_4186.jpg,0,100,normal,"The image shows a person standing on the escalator steps, which appear to be functioning normally without any visible obstructions or malfunctions that would suggest a risk of falling."
2656490,frame_4190.jpg,0,100,normal,"The image shows a person standing on the escalator steps, which indicates they are using it properly. There are no signs of a fall, such as someone lying on the ground or an overturned stroller."
2656490,frame_4195.jpg,0,100,normal,"The image shows a person standing on the escalator steps, which appear to be functioning normally without any visible obstructions or malfunctions that would typically lead to a fall."
2656490,frame_4200.jpg,0,100,normal,"The image shows a person standing on the escalator steps, which appear to be functioning normally without any visible obstructions or malfunctions that would typically lead to a fall. The person is also holding onto the handrail, which is a common safety practice when using escalators."
2656490,frame_4205.jpg,0,100,normal,"The image shows a person standing on the escalator steps, which appear to be functioning normally without any visible signs of malfunction or obstruction. There are no indications of a fall having occurred."
2656490,frame_4210.jpg,0,100,normal,"The image shows a person standing on the escalator steps, which appear to be functioning normally without any visible obstructions or malfunctions that would typically lead to a fall."
2656490,frame_4215.jpg,10,80,normal,"The person appears to be standing normally on the escalator steps, and there is no visible indication of a fall. The escalator seems to be functioning normally."
2656490,frame_4220.jpg,10,80,normal,"The person appears to be sitting on the escalator steps, which is not a typical position for someone who has fallen. They seem to be in a controlled position, possibly adjusting their belongings or resting."
2656490,frame_4225.jpg,10,80,normal,"The person appears to be sitting on the escalator steps, which is not a typical position for someone who has fallen. They seem to be in control of their movement, suggesting they are either sitting or standing intentionally."
2656490,frame_4230.jpg,10,80,normal,"The person appears to be standing normally on the escalator steps, and there is no visible indication of a fall. However, without additional context or motion, it's difficult to be certain."
2656490,frame_4235.jpg,10,80,normal,"The person appears to be standing normally on the escalator steps, and there are no visible signs of a fall, such as a person lying on the ground or an overturned bag."
2656490,frame_4240.jpg,0,100,normal,"The person is standing on the escalator steps, which is a normal and safe position. There is no indication of any fall or accident."
2656490,frame_4245.jpg,10,80,normal,"The person appears to be standing normally on the escalator steps, and there is no visible indication of a fall. The escalator is functioning normally, and the person seems to be in control."
2656490,frame_4250.jpg,50,80,fallOnEscalator,"The person appears to be sitting on the escalator steps, which could indicate a fall. However, they are not in a position that clearly shows distress or injury, so the likelihood is moderate."
2656490,frame_4255.jpg,80,85,fallOnEscalator,"The person appears to be on their hands and knees, which is a common position after a fall. The escalator's edge and the person's position suggest they may have lost balance."
2656490,frame_4260.jpg,50,80,fallOnEscalator,"The person appears to be bending over, which could indicate they have fallen or are in the process of getting up. However, without additional context, it's not possible to determine with certainty."
2656490,frame_4265.jpg,50,80,fallOnEscalator,"The person appears to be bending over, which could indicate they have fallen or are in the process of getting up. However, without additional context, it's not possible to determine the exact situation with certainty."
2656490,frame_4270.jpg,50,80,fallOnEscalator,"The person appears to be bending over, which could indicate they have fallen or are in the process of getting up. However, without additional context, it's not possible to determine with certainty."
2656490,frame_4275.jpg,50,80,fallOnEscalator,"The person appears to be bending over, which could indicate they have fallen or are in the process of getting up. However, without additional context, it's not possible to determine with certainty."
2656490,frame_4280.jpg,0,100,normal,"The person is standing on the escalator steps, which is a normal and safe position. There is no indication of any fall or accident."
2656490,frame_4285.jpg,0,100,normal,"The person appears to be standing normally on the escalator, with no visible signs of a fall or distress."
2656490,frame_4290.jpg,50,80,fallOnEscalator,"The person appears to be bending over, which could indicate a fall, but the image does not clearly show any motion or distress."
2656490,frame_4295.jpg,0,100,normal,"The image shows a person standing on the escalator steps, which indicates they are using the escalator properly. There are no visible signs of a fall, such as someone lying on the ground or an overturned stroller. The person appears to be in control and moving safely."
2656490,frame_4300.jpg,0,100,normal,"The image shows a person standing on the escalator steps, which indicates they are using it properly. There are no signs of a fall, such as a person lying on the ground or an object scattered around. The person appears to be holding onto the handrail, which is a common safety practice."
2656490,frame_4305.jpg,0,100,normal,"The image shows a person standing on the escalator steps, which appear to be functioning normally without any visible signs of malfunction or obstruction. There is no indication of a fall or any other incident."
2656490,frame_4310.jpg,0,100,normal,"The image shows a person standing on the escalator steps, which indicates they are using the escalator properly and there is no indication of a fall."
2656490,frame_4315.jpg,0,100,normal,"The image shows a person standing on the escalator steps, which indicates they are using the escalator properly. There are no signs of a fall, such as a person lying on the ground or an object scattered around."
2656490,frame_4320.jpg,0,100,normal,"The person is standing on the escalator steps, which is a normal and safe position. There are no visible signs of a fall, such as the person being on the ground or in an unusual position."
2656490,frame_4325.jpg,0,100,normal,"The person is standing on the escalator steps, which is a normal and safe position. There is no indication of any fall or accident."
2656490,frame_4330.jpg,0,100,normal,"The person is standing on the escalator steps, holding onto the handrail, and there is no indication of any loss of balance or fall."
2656490,frame_4335.jpg,0,100,normal,"The person is standing on the escalator steps, holding onto the handrail, and there is no indication of any loss of balance or movement that would suggest a fall."
2656490,frame_4340.jpg,0,100,normal,"The person is standing on the escalator steps, not showing any signs of a fall."
2656490,frame_4345.jpg,0,100,normal,"The person is standing on the escalator steps, which is a normal and safe position. There is no indication of any fall or accident."
2656490,frame_4350.jpg,0,100,normal,"The person is standing on the escalator steps, holding onto the handrail, and there is no indication of any loss of balance or control."
2656490,frame_4355.jpg,0,100,normal,"The person is using a cane and appears to be walking carefully, suggesting they are not at risk of falling."
2656490,frame_4360.jpg,0,100,normal,The person is holding onto the handrail and appears to be using the escalator safely. There are no visible signs of a fall or any other incident.
2656490,frame_4365.jpg,0,100,normal,"The person is standing on the escalator steps, holding onto the handrail, and there is no indication of any loss of balance or control."
2656490,frame_4370.jpg,0,100,normal,"The person is standing on the escalator steps, which is a normal and safe position. There is no indication of any fall or accident."
2656490,frame_4375.jpg,0,100,normal,"The person is using a cane and appears to be walking carefully, suggesting they are not at risk of falling."
2656490,frame_4380.jpg,0,100,normal,"The person is standing on the escalator steps, holding onto the handrail, and there is no indication of any fall or loss of balance."
2656490,frame_4385.jpg,0,100,normal,"The person is standing on the escalator steps, holding onto the handrail, and there is no indication of any loss of balance or fall."
2656490,frame_4390.jpg,0,100,normal,"The person is standing on the escalator steps, holding onto the handrail, and there is no indication of any loss of balance or fall."
2656490,frame_4395.jpg,0,100,normal,The person is holding onto the handrail and appears to be standing normally on the escalator steps.
2656490,frame_4400.jpg,0,100,normal,The person is holding onto the handrail and appears to be standing normally on the escalator steps. There is no visible indication of a fall or any unusual posture that would suggest a fall has occurred.
2656490,frame_4405.jpg,0,100,normal,"The person is standing on the escalator steps, holding onto the handrail, and there is no indication of any fall or loss of balance."
2656490,frame_4410.jpg,0,100,normal,The person is holding onto the handrail and appears to be standing normally on the escalator steps. There is no indication of a fall or any unusual position that would suggest a fall has occurred.
2656490,frame_4415.jpg,0,100,normal,The person is holding onto the handrail and appears to be standing normally on the escalator steps. There is no indication of a fall or any unusual position that would suggest a fall has occurred.
2656490,frame_4420.jpg,0,100,normal,"The person is standing on the escalator steps, holding onto the handrail, and there is no indication of any fall or loss of balance."
2656490,frame_4425.jpg,0,100,normal,"The person is standing on the escalator steps, holding onto the handrail, and there is no indication of any loss of balance or fall."
2656490,frame_4430.jpg,0,100,normal,"The person is standing on the escalator steps, holding onto the handrail, and there is no indication of any loss of balance or fall."
2656490,frame_4435.jpg,0,100,normal,"The person is standing upright and holding onto the handrail, indicating they are not in a position that suggests they have fallen."
2656490,frame_4440.jpg,0,100,normal,"The person is standing on the escalator steps, holding onto the handrail, and there is no indication of any loss of balance or movement that would suggest a fall."
2656490,frame_4445.jpg,0,100,normal,"The person is standing on the escalator steps, holding onto the handrail, and appears to be moving with the escalator. There is no indication of any loss of balance or fall."
2656490,frame_4450.jpg,0,100,normal,"The person is standing upright and holding onto the handrail, indicating they are not in a position that suggests they have fallen."
2656490,frame_4455.jpg,0,100,normal,"The person is standing on the escalator steps, holding onto the handrail, and appears to be in a normal, upright position. There is no indication of a fall or any other unusual activity."
2656490,frame_4460.jpg,0,100,normal,The person is holding onto the handrail and appears to be standing normally on the escalator steps. There is no indication of a fall or any unusual position that would suggest a fall has occurred.
2656490,frame_4465.jpg,0,100,normal,The person is holding onto the handrail and appears to be standing normally on the escalator steps. There is no indication of a fall or any unusual position that would suggest a fall has occurred.
2656490,frame_4470.jpg,0,100,normal,The person is holding onto the handrail and appears to be standing normally on the escalator steps. There is no indication of a fall or any other incident.
2656490,frame_4475.jpg,0,100,normal,The person is holding onto the handrail and appears to be standing normally on the escalator steps.
2656490,frame_4480.jpg,0,100,normal,The person is holding onto the handrail and appears to be standing normally on the escalator steps.
2656490,frame_4485.jpg,0,100,normal,"The person is standing on the escalator steps, holding onto the handrail, and there is no indication of any loss of balance or movement that would suggest a fall."
2656490,frame_4490.jpg,0,100,normal,The person is holding onto the handrail and appears to be standing normally on the escalator steps. There is no indication of a fall or any unusual position that would suggest a fall has occurred.
2656490,frame_4495.jpg,0,100,normal,"The person is standing upright and holding onto the handrail, indicating they are not in a position that suggests they have fallen."
2656490,frame_4500.jpg,0,100,normal,"The person is standing upright and holding onto the handrail, indicating they are not in a position that suggests they have fallen."
2656490,frame_4505.jpg,0,100,normal,"The person is standing on the escalator steps, holding onto the handrail, and there is no indication of any loss of balance or movement that would suggest a fall."
2656490,frame_4510.jpg,0,100,normal,"The person is standing upright and holding onto the handrail, indicating they are not in a position that suggests they have fallen."
2656490,frame_4515.jpg,0,100,normal,"The person is standing on the escalator steps, holding onto the handrail, and there is no indication of any loss of balance or other factors that would suggest a fall is imminent."
2656490,frame_4520.jpg,0,100,normal,"The person is standing upright and holding onto the handrail, which suggests they are using the escalator safely. There is no visible indication of a fall or any other unsafe behavior."
2656490,frame_4525.jpg,0,100,normal,"The person is standing upright and holding onto the handrail, which suggests they are using the escalator safely. There are no visible signs of a fall, such as the person being on the ground or in an unusual position."
2656490,frame_4530.jpg,0,100,normal,"The person is standing upright and holding onto the handrail, which suggests they are not in a position that would typically lead to a fall."
2656490,frame_4535.jpg,0,100,normal,"The person is standing on the escalator steps, holding onto the handrail, and there is no indication of any loss of balance or movement that would suggest a fall."
2656490,frame_4540.jpg,0,100,normal,The person is holding onto the handrail and appears to be standing normally on the escalator steps. There is no indication of any fall or loss of balance.
2656490,frame_4545.jpg,0,100,normal,The person is holding onto the handrail and appears to be standing normally on the escalator steps. There is no indication of a fall or any other incident.
2656490,frame_4550.jpg,0,100,normal,The person is holding onto the handrail and appears to be standing normally on the escalator steps. There is no indication of a fall or any unusual position that would suggest a fall has occurred.
2656490,frame_4555.jpg,0,100,normal,"The person is standing on the escalator steps, holding onto the handrail, and there is no indication of any fall or loss of balance."
2656490,frame_4560.jpg,0,100,normal,"The person is holding onto the handrail and appears to be standing normally on the escalator steps, indicating they have not fallen."
2656490,frame_4565.jpg,0,100,normal,"The person is holding onto the handrail and appears to be standing normally on the escalator, indicating no fall has occurred."
2656490,frame_4570.jpg,0,100,normal,"The person is holding onto the handrail and appears to be standing normally on the escalator, indicating no fall has occurred."
2656490,frame_4575.jpg,0,100,normal,"The person is holding onto the handrail and appears to be standing normally on the escalator, indicating no fall has occurred."
2656490,frame_4580.jpg,0,100,normal,"The person is holding onto the handrail and appears to be using a cane, which suggests they are taking precautions to avoid falling."
2656490,frame_4585.jpg,0,100,normal,The person is holding onto the handrail and appears to be standing normally on the escalator. There is no visible indication of a fall or any other incident.
2656490,frame_4590.jpg,0,100,normal,"The person is holding onto the handrail and appears to be standing normally on the escalator, indicating no fall has occurred."
2656490,frame_4595.jpg,0,100,normal,"The person is holding onto the handrail and appears to be standing normally on the escalator, indicating no fall has occurred."
2656805,frame_5336.jpg,10,80,normal,"The image shows a person standing on an escalator, which is a common and safe way to use it. There are no visible signs of distress or an accident. The person appears to be using the escalator normally."
2656805,frame_5340.jpg,0,100,normal,The image shows people using the escalator normally without any visible signs of a fall or accident.
2656805,frame_5345.jpg,0,100,normal,"The image shows a person standing on the escalator, not in a position that suggests a fall. The escalator appears to be functioning normally without any visible obstructions or issues."
2656805,frame_5350.jpg,50,80,fallOnEscalator,"The image shows a person lying on an escalator, which suggests a possible fall. However, without additional context, it's not possible to determine the exact cause or if it was an accident."
2656805,frame_5355.jpg,0,100,normal,"The escalator appears to be functioning normally with no visible obstructions or people in distress. The area is clean and well-maintained, suggesting a safe environment."
2656805,frame_5360.jpg,80,90,fallOnEscalator,"The person is lying on the escalator steps, which is a common position for someone who has fallen. The escalator is stationary, which is unusual for a moving escalator, suggesting that the person may have fallen."
2656805,frame_5365.jpg,80,90,fallOnEscalator,"The person is lying on the escalator steps, which is a common position for someone who has fallen. The escalator is stationary, and there are no visible signs of movement, which supports the likelihood of a fall."
2656805,frame_5370.jpg,80,90,fallOnEscalator,"The person is lying on the escalator steps, which is a common position for someone who has fallen. The escalator is stationary, and there are no visible signs of movement, which supports the likelihood of a fall."
2656805,frame_5375.jpg,80,90,fallOnEscalator,"The person is lying on the escalator steps, which is an unusual and unsafe position, suggesting they may have fallen."
2656805,frame_5380.jpg,90,95,fallOnEscalator,"The person is lying on the escalator steps, which is a common position for someone who has fallen. The escalator is stationary, and there are no visible signs of movement, which supports the likelihood of a fall."
2656805,frame_5385.jpg,80,85,fallOnEscalator,"The image shows a person lying on an escalator, which suggests they may have fallen. The presence of a person in an unusual position on the escalator escalator escalator escalator escalator escalator escalator escalator escalator escalator escalator escalator escalator escalator escalator escalator escalator escalator escalator escalator escalator escalator escalator escalator escalator escalator escalator escalator escalator escalator escalator escalator escalator escalator escalator escalator escalator escalator escalator escalator escalator escalator escalator escalator escalator escalator escalator escalator escalator escalator escalator escalator escalator escalator escalator escalator escalator escalator escalator escalator escalator escalator escalator escalator escalator escalator escalator escalator escalator escalator escalator escalator escalator escalator escalator escalator escalator escalator escalator escalator escalator escalator escalator escalator escalator escalator escalator escalator escalator escalator escalator escalator escalator escalator escalator escalator escalator escalator escalator escalator escalator escalator escalator escalator escalator escalator escalator escalator escalator escalator escalator escalator escalator escalator escalator escalator escalator escalator escalator escalator escalator escalator escalator escalator escalator escalator escalator escalator escalator escalator escalator escalator escalator escalator escalator escalator escalator escalator escalator escalator escalator escalator escalator escalator escalator escalator escalator escalator escalator escalator escalator escalator escalator escalator escalator escalator escalator escalator escalator escalator escalator escalator escalator escalator escalator escalator escalator escalator escalator escalator escalator escalator escalator escalator escalator escalator escalator escalator escalator escalator escalator escalator escalator escalator escalator escalator escalator escalator escalator escalator escalator escalator escalator escalator escalator escalator escalator escalator escalator escalator escalator escalator escalator escalator escalator escalator escalator escalator escalator escalator escalator escalator escalator escalator escalator escalator escalator escalator escalator escalator escalator escalator escalator escalator escalator escalator escalator escalator escalator escalator escalator escal"
2656805,frame_5390.jpg,80,85,fallOnEscalator,"The image shows a person lying on the escalator steps, which suggests they may have fallen. The presence of a person in this position on an escalator is a strong indicator of a fall."
2656805,frame_5395.jpg,0,100,normal,The escalator appears to be functioning normally with no visible obstructions or people in distress. There is no indication of a fall or any emergency situation.
2656805,frame_5400.jpg,0,100,normal,"The escalator appears to be functioning normally with no visible obstructions or people in distress. The area is clean and well-maintained, suggesting a safe environment."
2656805,frame_5405.jpg,0,100,normal,The escalator appears to be functioning normally with no visible obstructions or people in distress. There is no indication of a fall having occurred.
2656805,frame_5410.jpg,50,80,fallOnEscalator,"The image shows a person lying on an escalator, which suggests a potential fall. However, without additional context or motion, it's not possible to definitively confirm a fall."
2656805,frame_5415.jpg,0,100,normal,"The escalator appears to be functioning normally with no visible obstructions or people in distress. There are no signs of a fall, such as people lying on the ground or scattered belongings."
2656805,frame_5420.jpg,0,100,normal,"The escalator appears to be functioning normally with no visible obstructions or people in distress. There are no signs of a fall, such as people lying on the escalator or scattered belongings."
2656805,frame_5425.jpg,0,100,normal,The escalator appears to be functioning normally with no visible obstructions or people in distress. There is no indication of a fall or any emergency situation.
2656805,frame_5430.jpg,0,100,normal,"The escalator appears to be functioning normally with no visible obstructions or people in distress. The area is clean and well-maintained, suggesting a safe environment."
2656805,frame_5435.jpg,0,100,normal,"The escalator appears to be functioning normally with no visible obstructions or people in distress. There are no signs of a recent fall, such as scattered belongings or people checking on someone."
2656805,frame_5440.jpg,0,100,normal,"The escalator appears to be functioning normally with no visible obstructions or people in distress. There are no signs of a fall, such as people lying on the ground or broken equipment."
2656805,frame_5445.jpg,0,100,normal,"The escalator appears to be functioning normally with no visible obstructions or people in distress. The area is clean and well-maintained, suggesting a safe environment."
2656805,frame_5450.jpg,0,100,normal,"The escalator appears to be functioning normally with no visible obstructions or people in distress. The area is clean and well-maintained, suggesting a safe environment."
2656805,frame_5455.jpg,0,100,normal,"The escalator appears to be functioning normally with no visible obstructions or people in distress. The area is clean and well-maintained, suggesting a safe environment."
2656805,frame_5460.jpg,0,100,normal,"The escalator appears to be functioning normally with no visible obstructions or people in distress. The area is clean and well-maintained, suggesting a safe environment."
2656805,frame_5465.jpg,0,100,normal,"The escalator appears to be functioning normally with no visible obstructions or people in distress. The area is clean and well-maintained, suggesting a safe environment."
2656805,frame_5470.jpg,0,100,normal,"The escalator appears to be functioning normally with no visible obstructions or people in distress. There are no signs of a fall, such as people lying on the ground or broken equipment."
2657589,frame_4443.jpg,0,100,normal,The person is standing upright and appears to be using the escalator normally without any signs of a fall.
2657589,frame_4448.jpg,0,100,normal,"The person is standing upright and appears to be using the escalator safely. There are no visible signs of a fall, such as the person lying on the ground or any disarray on the escalator."
2657589,frame_4453.jpg,0,100,normal,The person is standing upright and appears to be using the escalator normally without any signs of instability or distress.
2657589,frame_4458.jpg,0,100,normal,"The image shows a person standing on the escalator steps, which appear to be functioning normally without any visible obstructions or malfunctions that would typically lead to a fall. The person is also holding onto the handrail, which is a common safety practice when using escalators."
2657589,frame_4463.jpg,0,100,normal,"The person is standing upright and appears to be using the escalator normally, with no signs of instability or distress."
2657589,frame_4468.jpg,0,100,normal,The person is standing upright and appears to be using the escalator normally without any signs of a fall.
2657589,frame_4473.jpg,0,100,normal,The person is standing upright and appears to be using the escalator normally without any signs of a fall.
2657589,frame_4478.jpg,0,100,normal,"The image shows a person standing on the escalator steps, which appear to be functioning normally without any visible signs of malfunction or obstruction. There is no indication of a fall or any other incident."
2657589,frame_4483.jpg,0,100,normal,"The person appears to be standing normally on the escalator steps, with no visible signs of a fall or stumble."
2657589,frame_4488.jpg,0,100,normal,"The person is standing on the escalator steps, which is a normal and safe position. There are no visible signs of a fall, such as the person being on the ground or in an unusual position."
2657589,frame_4493.jpg,80,85,fallOnEscalator,"The person appears to be in a position that suggests they may have lost balance or control, which is a common scenario leading to falls on escalators. The red handrail is also visible, which might indicate an attempt to regain balance."
2657589,frame_4498.jpg,80,90,fallOnEscalator,"The person appears to be in a position that suggests they may have lost balance or fallen, as they are on the ground near the escalator steps. The red handrail is also bent, which could indicate a sudden movement or fall."
2657589,frame_4503.jpg,80,90,fallOnEscalator,"The person is in a position that suggests they may have lost balance or are in the process of falling, as they are leaning forward and their arms are outstretched. The escalator's handrail is also visible, which could indicate that they are trying to regain balance."
2657589,frame_4508.jpg,80,85,fallOnEscalator,"The person is in a position that suggests they may have lost balance or are in the process of falling, as they are leaning forward and their body is not upright. The escalator's handrail is also visible, which could indicate that they are trying to regain balance or prevent a fall."
2657589,frame_4513.jpg,80,90,fallOnEscalator,"The person appears to be in a position that suggests they may have lost balance or are in the process of falling, as they are not standing upright and are close to the handrail."
2657589,frame_4518.jpg,80,90,fallOnEscalator,"The person appears to be in a position that suggests they may have lost balance or control, which is a common scenario for falls on escalators."
2657589,frame_4523.jpg,80,90,fallOnEscalator,"The person appears to be in a position that suggests they may have lost balance or control, which is a common scenario for falls on escalators."
2657589,frame_4528.jpg,80,90,fallOnEscalator,"The person is kneeling on the escalator steps, which is an unusual and unsafe position, suggesting they may have fallen."
2657589,frame_4533.jpg,50,80,fallOnEscalator,"The person is holding onto the handrail, which suggests they are trying to stabilize themselves, possibly indicating a risk of falling. However, there is no clear indication of a fall having already occurred."
2657589,frame_4538.jpg,80,90,fallOnEscalator,"The person appears to be in a precarious position, with one leg on the escalator and the other on the stairs, suggesting they may have lost balance. The presence of a cane indicates they might have difficulty maintaining stability."
2657589,frame_4543.jpg,80,85,fallOnEscalator,"The person is holding onto the handrail with one hand and appears to be in a position that suggests they might have lost balance or are trying to regain it. The escalator steps are visible, and the person's posture indicates a potential risk of falling."
2657589,frame_4548.jpg,0,100,normal,The person is holding onto the handrail and appears to be standing properly on the escalator steps. There is no visible indication of a fall or any other incident.
2657589,frame_4553.jpg,80,90,fallOnEscalator,"The person is on their knees, which suggests they may have fallen. The red handrail is in contact with their hand, indicating they are trying to stabilize themselves. The position and posture suggest an attempt to regain balance after a fall."
2657589,frame_4558.jpg,80,85,fallOnEscalator,"The person is holding onto the handrail with one hand and appears to be in a precarious position, which suggests they might have lost balance or are struggling to maintain it. The escalator's movement and the person's posture indicate a higher likelihood of a fall."
2657589,frame_4563.jpg,80,90,fallOnEscalator,"The person is in a position that suggests they may have lost balance or are in the process of falling, as they are leaning forward and holding onto the handrail. The escalator steps are visible, and the person's posture indicates a potential risk of falling."
2657589,frame_4568.jpg,80,90,fallOnEscalator,"The person appears to be in a precarious position, with one hand gripping the handrail and the other extended, which suggests they may have lost balance. The escalator's motion and the person's posture indicate a higher likelihood of a fall."
2657589,frame_4573.jpg,80,85,fallOnEscalator,"The person appears to be in a position that suggests they may have lost balance or control, which is a common scenario for falls on escalators."
2657589,frame_4578.jpg,80,90,fallOnEscalator,"The person appears to be in a precarious position, hanging onto the handrail, which suggests they may have lost balance or control. The escalator's motion and the person's posture indicate a higher likelihood of a fall."
2657589,frame_4583.jpg,0,100,normal,"The person is using a cane and appears to be moving cautiously, suggesting they are not at risk of falling."
2657589,frame_4588.jpg,0,100,normal,"The person is using a cane and appears to be moving cautiously, suggesting they are not at risk of falling."
2657589,frame_4593.jpg,0,100,normal,"The person is holding onto the handrail and appears to be using the escalator steps normally, without any signs of losing balance or falling."
2657589,frame_4598.jpg,0,100,normal,"The person is holding onto the handrail and appears to be using a cane, which suggests they are moving cautiously and not at risk of falling."
2657589,frame_4603.jpg,0,100,normal,"The person is using a cane and appears to be carefully navigating the escalator, suggesting they are not at risk of falling."
2657589,frame_4608.jpg,0,100,normal,The person is holding onto the handrail and appears to be standing normally on the escalator steps. There is no indication of a fall or any unusual position that would suggest a fall has occurred.
2657589,frame_4613.jpg,0,100,normal,"The person is holding onto the handrail and appears to be standing properly on the escalator steps, indicating they are not at risk of falling."
2657589,frame_4618.jpg,0,100,normal,"The person is standing on the escalator steps, holding onto the handrail, and there is no indication of any loss of balance or fall."
2657589,frame_4623.jpg,0,100,normal,The person is holding onto the handrail and appears to be standing normally on the escalator steps. There is no indication of a fall or any unusual position that would suggest a fall has occurred.
2657589,frame_4628.jpg,0,100,normal,"The person is holding onto the handrail and appears to be using a cane, which suggests they are moving cautiously and not at risk of falling."
2657589,frame_4633.jpg,10,80,normal,"The person is using a cane, which suggests they may have difficulty walking, but they are not in a position that typically indicates a fall (e.g., lying on the ground or in an awkward stance). They appear to be walking cautiously, which might be due to their use of the cane."
2657589,frame_4638.jpg,0,100,normal,"The person is standing upright and holding onto the handrail, indicating they are not in a position that suggests they have fallen."
2657589,frame_4643.jpg,0,100,normal,"The person is using a white cane, which is typically used by individuals who are visually impaired. They are also holding onto the handrail, which is a common safety practice when using escalators. There is no visible indication of a fall or any other incident."
2657589,frame_4648.jpg,0,100,normal,"The person is using a cane and appears to be walking carefully, suggesting they are not at risk of falling."
2657589,frame_4653.jpg,0,100,normal,"The person is holding onto the handrail and using a cane, which suggests they are taking precautions to avoid falling."
2657589,frame_4658.jpg,0,100,normal,"The person is using a cane, which suggests they are navigating the escalator with caution, likely to prevent a fall."
2657589,frame_4663.jpg,0,100,normal,"The person is using a cane and appears to be walking carefully, suggesting they are not at risk of falling."
2657589,frame_4668.jpg,0,100,normal,"The person is standing upright and holding onto the handrail, indicating they are using the escalator safely. There is no visible indication of a fall or any other incident."
2657589,frame_4673.jpg,0,100,normal,"The person is standing upright and holding onto the handrail, indicating they are using the escalator safely. There is no visible indication of a fall or any other incident."
2657589,frame_4678.jpg,0,100,normal,The person is holding onto the handrail and appears to be standing normally on the escalator steps. There is no visible indication of a fall or any other incident.
2657589,frame_4683.jpg,0,100,normal,"The person is holding onto the handrail and using a cane, which suggests they are taking precautions to avoid falling."
2657589,frame_4688.jpg,0,100,normal,"The person is standing upright and holding onto the handrail, indicating they are not in a position that suggests they have fallen."
2657589,frame_4693.jpg,0,100,normal,The person is holding onto the handrail and appears to be standing normally on the escalator steps. There is no indication of a fall or any unusual position that would suggest a fall has occurred.
2657589,frame_4698.jpg,0,100,normal,"The person is holding onto the handrail and using a cane, which suggests they are taking precautions to avoid falling."
2657589,frame_4703.jpg,0,100,normal,"The person is holding onto the handrail and appears to be standing normally on the escalator steps. There are no visible signs of a fall, such as the person being on the ground or in an unusual position."
2657589,frame_4708.jpg,0,100,normal,"The person is holding onto the handrail and appears to be standing steadily on the escalator steps, indicating they are not in a position to have fallen."
2657589,frame_4713.jpg,0,100,normal,"The person is standing upright and holding onto the handrail, indicating they are not in a position that suggests they have fallen."
2657589,frame_4718.jpg,0,100,normal,"The person is standing upright and holding onto the handrail, indicating they are not in a position that suggests they have fallen."
2657589,frame_4723.jpg,0,100,normal,The person is holding onto the handrail and appears to be standing normally on the escalator steps. There is no visible indication of a fall or any other incident.
2657589,frame_4728.jpg,0,100,normal,"The person is standing upright and holding onto the handrail, indicating they are not in a position that suggests they have fallen."
2657589,frame_4733.jpg,0,100,normal,"The person is standing upright and holding onto the handrail, indicating they are not in a position that suggests they have fallen."
2657589,frame_4738.jpg,0,100,normal,"The person is holding onto the handrail and appears to be standing normally, indicating they have not fallen."
2657589,frame_4743.jpg,0,100,normal,The person is holding onto the handrail and appears to be standing normally on the escalator steps. There is no visible indication of a fall or any other incident.
2657589,frame_4748.jpg,0,100,normal,The person is holding onto the handrail and appears to be standing normally on the escalator steps. There is no visible indication of a fall or any other incident.
2657589,frame_4753.jpg,0,100,normal,The person is holding onto the handrail and appears to be standing normally on the escalator steps. There is no visible indication of a fall or any other incident.
2657589,frame_4758.jpg,0,100,normal,"The person is holding onto the handrail and appears to be using a cane, which suggests they are taking precautions to avoid falling."
2657589,frame_4763.jpg,0,100,normal,"The person is holding onto the handrail and appears to be standing normally on the escalator, indicating they have not fallen."
2657589,frame_4768.jpg,0,100,normal,"The person is holding onto the handrail and appears to be standing normally on the escalator, indicating they have not fallen."
2657589,frame_4773.jpg,0,100,normal,"The person is holding onto the handrail and appears to be standing normally on the escalator, indicating they have not fallen."
2657589,frame_4778.jpg,0,100,normal,"The person is holding onto the handrail and appears to be standing normally on the escalator, indicating no fall has occurred."
2657589,frame_4783.jpg,0,100,normal,"The person is holding onto the handrail and appears to be standing normally on the escalator, indicating no fall has occurred."
2657589,frame_4788.jpg,0,100,normal,"The person is holding onto the handrail and appears to be using a cane, which suggests they are taking precautions to avoid falling."
2657589,frame_4793.jpg,0,100,normal,"The person is holding onto the handrail and appears to be standing normally on the escalator, indicating no fall has occurred."
2657589,frame_4798.jpg,0,100,normal,"The person is holding onto the handrail and appears to be using a cane, which suggests they are moving cautiously and not at risk of falling."
2657589,frame_4803.jpg,0,100,normal,"The person is holding onto the handrail and appears to be standing normally on the escalator, indicating no fall has occurred."
2657589,frame_4808.jpg,0,100,normal,"The person is using a cane, which suggests they are navigating the escalator with caution, likely to avoid falls."
2657625,frame_4057.jpg,0,100,normal,The image shows people using the escalator normally without any visible signs of a fall or accident.
2657625,frame_4061.jpg,0,100,normal,The image shows people using the escalator normally without any visible signs of a fall or accident.
2657625,frame_4066.jpg,0,100,normal,The image shows people using the escalator normally without any signs of a fall or accident.
2657625,frame_4071.jpg,0,100,normal,The image shows people using the escalator normally without any signs of a fall or accident.
2657625,frame_4076.jpg,0,100,normal,The image shows a person using the escalator normally without any signs of a fall or accident. The person is standing upright and appears to be moving safely.
2657625,frame_4081.jpg,0,100,normal,"The image shows people standing and moving normally on the escalator, with no visible signs of a fall or any unusual activity that would indicate a fall has occurred."
2657625,frame_4086.jpg,50,80,fallOnEscalator,"The image shows two people on an escalator, with one person appearing to be in a position that could suggest a fall. However, without additional context or motion, it's not possible to definitively determine if a fall has occurred."
2657625,frame_4091.jpg,80,90,fallOnEscalator,"The image shows a person lying on the escalator steps, which suggests they may have fallen. The presence of a person in a blue jacket and another person nearby looking down at the fallen individual supports the likelihood of a fall."
2657625,frame_4096.jpg,90,95,fallOnEscalator,"The image shows a person lying on the escalator steps, which strongly suggests they have fallen. The position and context strongly indicate an accidental fall."
2657625,frame_4101.jpg,80,90,fallOnEscalator,"The image shows a person lying on an escalator, which suggests they may have fallen. The position and context strongly indicate an incident, though the exact cause isn't clear."
2657625,frame_4106.jpg,80,90,fallOnEscalator,"The image shows a person lying on an escalator, which suggests they may have fallen. The position and context strongly indicate an incident, though the exact cause is not clear."
2657625,frame_4111.jpg,80,90,fallOnEscalator,"The image shows a person lying on the escalator steps, which suggests they may have fallen. The position and context strongly indicate an incident of falling on the escalator."
2657625,frame_4116.jpg,80,90,fallOnEscalator,"The person is lying on the escalator steps, which is a common position for someone who has fallen. The lack of other people around suggests they may have fallen without immediate assistance."
2657625,frame_4121.jpg,90,95,fallOnEscalator,"The image shows a person lying on an escalator, which strongly suggests they have fallen. The position of the person and the context of the escalator environment support this conclusion."
2657625,frame_4126.jpg,80,90,fallOnEscalator,"The person is lying on the escalator steps, which is a common position for someone who has fallen. The escalator is not in motion, which is typical after a fall."
2657625,frame_4131.jpg,90,95,fallOnEscalator,"The image shows a person lying on an escalator, which strongly suggests they have fallen. The position and context strongly indicate an accidental fall."
2657625,frame_4136.jpg,90,95,fallOnEscalator,"The person is lying on the escalator steps, which is a common position for someone who has fallen. The escalator is stationary, and there are no visible signs of movement, which suggests that the person is not currently moving."
2657625,frame_4141.jpg,80,90,fallOnEscalator,"The person appears to be in a position that suggests they have lost balance and are sliding down the escalator, which is a common scenario for falls on escalators."
2657625,frame_4146.jpg,80,90,fallOnEscalator,"The person is lying on the escalator steps, which is a common position for someone who has fallen. The lack of other people around suggests they may have fallen without immediate assistance."
2657625,frame_4151.jpg,80,90,fallOnEscalator,"The person appears to be in a position that suggests they may have lost balance or control, which is a common cause of falls on escalators."
2657625,frame_4156.jpg,80,90,fallOnEscalator,"The person is lying on the escalator steps, which is a common position for someone who has fallen. The escalator is not in motion, which suggests it may have stopped after the fall."
2657625,frame_4161.jpg,80,90,fallOnEscalator,"The person is lying on the escalator steps, which is a common position for someone who has fallen. The escalator is stationary, and there are no other people around, suggesting that the person may have fallen and is currently on the ground."
2657625,frame_4166.jpg,80,90,fallOnEscalator,"The person appears to be in a dynamic position, with one leg extended and arms outstretched, which is typical of someone who has lost balance and is falling. The escalator is in motion, and the person's posture suggests they are not intentionally climbing or descending."
2657625,frame_4171.jpg,80,90,fallOnEscalator,"The person appears to be in a position that suggests they may have lost balance or control, which is a common cause of falls on escalators."
2657625,frame_4176.jpg,80,85,fallOnEscalator,"The person appears to be in a position that suggests they may have lost balance or control, which is a common cause of falls on escalators. The image shows the person with their arms outstretched and legs bent, which is a typical posture when someone is trying to regain balance after a fall."
2657625,frame_4181.jpg,50,80,fallOnEscalator,"The person appears to be in a dynamic position, possibly losing balance, which could indicate a fall. However, without additional context, it's not certain."
2657625,frame_4186.jpg,80,90,fallOnEscalator,"The person appears to be in a dynamic position, with one leg extended and arms outstretched, which is typical of someone who has lost balance and is falling. The escalator's motion and the person's posture suggest a fall is likely."
2657625,frame_4191.jpg,50,80,fallOnEscalator,"The person appears to be in a dynamic position, possibly losing balance, which could indicate a fall. However, without additional context, it's uncertain if they are actually falling or just moving quickly."
2657625,frame_4196.jpg,0,100,normal,The person is standing upright and appears to be using the escalator normally without any signs of a fall.
2657625,frame_4201.jpg,0,100,normal,The person is standing upright and appears to be using the escalator normally without any signs of a fall.
2657625,frame_4206.jpg,0,100,normal,The person is standing upright and appears to be using the escalator normally without any signs of distress or imbalance.
2657625,frame_4211.jpg,0,100,normal,"The person is standing upright and appears to be using the escalator normally, without any signs of a fall."
2657625,frame_4216.jpg,50,80,fallOnEscalator,"The person appears to be in motion, which could suggest a fall, but there is no clear indication of distress or an accident. The escalator is functioning normally, and the person seems to be moving at a normal pace."
2657625,frame_4221.jpg,50,80,fallOnEscalator,"The person appears to be in a dynamic position, possibly losing balance, which could indicate a fall. However, without additional context or motion, it's uncertain if they are actually falling."
2657625,frame_4226.jpg,50,80,fallOnEscalator,"The person appears to be in a precarious position, leaning forward with one hand on the handrail, which could indicate a loss of balance. However, there is no clear indication of a fall, and the person might be intentionally adjusting their position."
2657625,frame_4231.jpg,0,100,normal,"The image shows a person standing on the escalator, and there are no visible signs of a fall, such as people lying on the ground or objects scattered around. The escalator appears to be functioning normally."
2657625,frame_4236.jpg,0,100,normal,The person is standing upright and appears to be using the escalator normally without any signs of a fall.
2657625,frame_4241.jpg,0,100,normal,The person is standing upright and appears to be using the escalator normally without any signs of distress or imbalance.
2657625,frame_4246.jpg,10,90,normal,"The person is standing upright and appears to be in control, suggesting a low likelihood of having fallen."
2657625,frame_4251.jpg,50,80,fallOnEscalator,"The person is bent over, which could indicate a fall, but the context is unclear. They might be adjusting something or experiencing discomfort."
2657625,frame_4256.jpg,10,90,normal,"The person is standing upright and appears to be in control, suggesting a low likelihood of a fall."
2657625,frame_4261.jpg,0,100,normal,"The image shows a person standing on the escalator, not in a position that suggests a fall has occurred. The escalator appears to be functioning normally, and there are no visible signs of an accident or emergency."
2657625,frame_4266.jpg,10,80,normal,"The person appears to be standing normally on the escalator, and there are no visible signs of a fall, such as a person lying on the ground or an overturned stroller."
2657625,frame_4271.jpg,0,100,normal,"The image shows a person standing on the escalator, not in a position that suggests they have fallen. The escalator appears to be functioning normally, and there are no visible signs of an accident."
2657625,frame_4276.jpg,80,90,fallOnEscalator,"The person is bent over and appears to be in a position that suggests they may have lost balance or fallen. The escalator is stationary, which reduces the likelihood of a fall due to movement, but the posture indicates a potential incident."
2657625,frame_4281.jpg,50,80,fallOnEscalator,"The person is bent over, which could indicate a fall, but without additional context, it's uncertain."
2657625,frame_4286.jpg,0,100,normal,The person is standing upright and appears to be using the escalator normally without any signs of distress or imbalance.
2657625,frame_4291.jpg,0,100,normal,"The image shows a person standing upright on the escalator, and there are no visible signs of a fall, such as a person lying down or objects scattered around. The escalator appears to be functioning normally."
2657625,frame_4296.jpg,0,100,normal,"The image shows a person standing on the escalator, not in a position that suggests a fall has occurred. The escalator appears to be functioning normally, and there are no visible signs of an accident."
2657625,frame_4301.jpg,0,100,normal,"The image shows a person standing on the escalator, and there are no visible signs of a fall or any disarray that would indicate an accident. The escalator appears to be functioning normally."
2657625,frame_4306.jpg,0,100,normal,"The escalator appears to be functioning normally with no visible obstructions or people in distress. The person on the escalator is standing upright, and there are no signs of a fall or accident."
2657625,frame_4311.jpg,0,100,normal,"The image shows a person standing on the escalator steps, which is a normal and safe position. There are no signs of a fall, such as people lying on the ground or objects scattered around. The escalator appears to be functioning properly with no visible malfunctions."
2657625,frame_4316.jpg,0,100,normal,"The image shows a person standing on the escalator steps, which is a normal and safe position. There are no visible signs of a fall, such as people lying on the ground or objects scattered around. The escalator appears to be functioning properly with no visible malfunctions."
2657625,frame_4321.jpg,0,100,normal,"The image shows a person standing on the escalator, and there are no visible signs of a fall or any disarray that would indicate an accident. The escalator appears to be functioning normally."
2658140,frame_4609.jpg,0,100,normal,"The image shows a person standing on the escalator steps, which appear to be functioning normally without any visible obstructions or malfunctions that would typically lead to a fall."
2658140,frame_4613.jpg,0,100,normal,"The image shows a person standing on the escalator steps, which are moving steadily. There are no visible signs of a fall, such as a person lying on the ground or an overturned escalator. The person appears to be using the escalator normally."
2658140,frame_4618.jpg,0,100,normal,"The image shows a person standing on the escalator steps, which are moving normally. There are no visible signs of a fall, such as people lying on the ground or objects scattered around. The person appears to be using the escalator safely."
2658140,frame_4623.jpg,10,80,normal,"The person appears to be standing normally on the escalator, and there are no visible signs of a fall, such as a person lying on the ground or an overturned bag."
2658140,frame_4628.jpg,80,85,fallOnEscalator,"The person on the escalator appears to be in an unusual position, possibly having fallen or lost balance. The escalator is in motion, and the person's posture suggests they might be struggling to maintain their footing."
2658140,frame_4633.jpg,50,80,fallOnEscalator,"The person is standing on the escalator steps, which is a common position for someone who has fallen. However, without additional context or movement, it's not definitive."
2658140,frame_4638.jpg,80,90,fallOnEscalator,"The person is lying on the escalator steps, which is a common position for someone who has fallen. The escalator is stationary, and there is no visible movement, suggesting that the person is not using the escalator normally."
2658140,frame_4643.jpg,80,90,fallOnEscalator,"The person appears to be lying on the escalator steps, which is a common position for someone who has fallen. The escalator is stationary, and there is no visible movement, which supports the likelihood of a fall."
2658140,frame_4648.jpg,80,90,fallOnEscalator,"The person appears to be lying on the escalator steps, which is a common position for someone who has fallen. The escalator is stationary, and there are no visible signs of movement, which supports the likelihood of a fall."
2658140,frame_4653.jpg,80,90,fallOnEscalator,"The person appears to be lying on the escalator steps, which is an unusual position for someone using an escalator. This suggests they may have fallen."
2658140,frame_4658.jpg,80,90,fallOnEscalator,"The person appears to be lying on the escalator steps, which is a common position for someone who has fallen. The escalator is stationary, and there are no visible signs of movement, which supports the likelihood of a fall."
2658140,frame_4663.jpg,80,90,fallOnEscalator,"The person is lying on the escalator steps, which is a common position for someone who has fallen. The escalator is stationary, and there is no visible movement, suggesting that the person may have been there for some time."
2658140,frame_4668.jpg,80,90,fallOnEscalator,"The person appears to be lying on the escalator steps, which is a common position for someone who has fallen. The escalator is stationary, and there are no visible signs of movement, which supports the likelihood of a fall."
2658140,frame_4673.jpg,50,80,fallOnEscalator,"The person appears to be sitting on the escalator steps, which could indicate a fall. However, they are not visibly in distress, and the escalator is not moving, suggesting they may have intentionally sat down."
2658140,frame_4678.jpg,50,80,fallOnEscalator,"The person appears to be lying on the escalator steps, which could indicate a fall. However, without additional context or movement, it's not possible to definitively determine the situation."
2658140,frame_4683.jpg,50,80,fallOnEscalator,"The person appears to be lying on the escalator, which could indicate a fall. However, without additional context or movement, it's not possible to definitively determine the situation."
2658140,frame_4688.jpg,0,100,normal,"The person is standing on the escalator steps, which is a normal and safe position. There are no visible signs of distress or an accident."
2658140,frame_4693.jpg,10,80,normal,"The person appears to be standing normally on the escalator, and there are no visible signs of distress or an accident."
2658140,frame_4698.jpg,10,80,normal,"The person appears to be standing normally on the escalator, and there are no visible signs of distress or an accident. The escalator seems to be functioning properly."
2658140,frame_4703.jpg,10,80,normal,"The person is standing on the escalator steps, which is a common and safe way to use an escalator. There are no visible signs of distress or unusual behavior that would suggest a fall has occurred."
2658140,frame_4708.jpg,0,100,normal,"The image shows a person standing on the escalator steps, which is a normal and safe position. There are no visible signs of distress or an accident."
2658140,frame_4713.jpg,10,80,normal,"The person appears to be standing normally on the escalator, and there are no visible signs of distress or an accident."
2658140,frame_4718.jpg,80,85,fallOnEscalator,"The image shows a person lying on the escalator steps, which suggests they may have fallen. The position and context strongly indicate an incident, though the exact cause is not clear."
2658140,frame_4723.jpg,80,85,fallOnEscalator,"The image shows a person lying on an escalator, which suggests they may have fallen. The presence of a person in a ghost costume and the setting of a public transportation area also support the likelihood of an incident."
2658140,frame_4728.jpg,50,80,fallOnEscalator,"The person is lying on the escalator, which suggests they may have fallen. However, without additional context, it's not certain."
2658140,frame_4733.jpg,80,90,fallOnEscalator,"The image shows a person lying on the escalator steps, which suggests they may have fallen. The position and context strongly indicate an incident, though the exact cause isn't clear."
2658140,frame_4738.jpg,50,80,fallOnEscalator,"The person is lying on the escalator steps, which suggests they may have fallen. However, without additional context, it's not certain."
2658140,frame_4743.jpg,50,80,fallOnEscalator,"The image shows a person lying on the escalator steps, which suggests a possible fall. However, without additional context or motion, it's not definitive."
2658140,frame_4748.jpg,10,80,normal,"The person is standing on the escalator steps, which is a common and safe way to use an escalator. There are no visible signs of distress or unusual behavior that would suggest a fall has occurred."
2658140,frame_4753.jpg,0,100,normal,"The image shows a person standing on the escalator steps, which is a normal and safe position. There are no visible signs of a fall, such as people lying on the ground or objects scattered around. The escalator appears to be functioning properly, and the person is holding onto the handrail, which is a standard safety practice."
2658140,frame_4758.jpg,0,100,normal,"The image shows a person standing on the escalator steps, which are moving, but there is no indication of a fall. The person appears to be using the escalator normally."
2658140,frame_4763.jpg,80,85,fallOnEscalator,"The person appears to be lying on the escalator steps, which suggests they may have fallen. However, without additional context, it's not possible to determine the exact cause."
2658140,frame_4768.jpg,50,80,fallOnEscalator,"The person is standing on the escalator steps, which is a common position for someone who has fallen. However, without additional context or movement, it's not definitive."
2658140,frame_4773.jpg,0,100,normal,"The image shows a person standing on an escalator, not in a position that suggests they have fallen. The escalator appears to be functioning normally, and there are no visible signs of an accident or emergency."
2658140,frame_4778.jpg,0,100,normal,"The image shows a person standing on the escalator steps, which is a normal and safe position. There are no signs of a fall, such as a person lying on the ground or an overturned stroller. The person appears to be using the escalator correctly."
2658498,frame_4705.jpg,0,100,normal,"The person is standing upright and appears to be moving normally on the escalator. There are no visible signs of a fall, such as the person lying down or being in an unusual position."
2658498,frame_4710.jpg,0,100,normal,"The image shows a person standing on the escalator steps, which are moving, but there is no indication of a fall. The person appears to be using the escalator normally."
2658498,frame_4715.jpg,80,90,fallOnEscalator,"The person appears to be on their hands and knees, which is a common position after a fall. The escalator's edge and the person's position suggest they may have lost balance."
2658498,frame_4720.jpg,80,85,fallOnEscalator,"The person is on their hands and knees, which suggests they may have fallen. The position and the fact that they are not standing or moving on the escalator escalate the likelihood of a fall."
2658498,frame_4725.jpg,50,80,fallOnEscalator,"The image shows a person lying on the escalator steps, which suggests they may have fallen. However, without additional context, it's not possible to determine the exact cause."
2658498,frame_4730.jpg,80,85,fallOnEscalator,"The image shows a person lying on the escalator steps, which suggests they may have fallen. The position and context strongly indicate an incident."
2658498,frame_4735.jpg,10,80,normal,"The image shows a person lying on the escalator, which suggests they may have fallen. However, the escalator is not in motion, and there are no visible signs of a recent fall, such as scattered belongings or other people reacting."
2658498,frame_4740.jpg,10,80,normal,"The image shows a person sitting on the escalator steps, which is not a typical or safe position. This suggests they may have fallen or are in a precarious situation. However, there is no clear indication of a fall, so the probability is low."
2658498,frame_4745.jpg,10,80,normal,"The image shows a person lying on the escalator steps, which suggests they may have fallen. However, the escalator is not in motion, and there are no visible signs of a recent fall, such as scattered belongings or other people reacting."
2658498,frame_4750.jpg,50,80,fallOnEscalator,"The image shows a person lying on the escalator, which suggests a possible fall. However, without additional context, it's unclear if this is an actual incident or a staged situation."
2658498,frame_4755.jpg,10,80,normal,"The image shows a person standing on the escalator, which appears to be functioning normally. There are no visible signs of a fall, such as people lying on the ground or disarrayed items. The person seems to be standing upright, suggesting that they are not in a situation where they have fallen."
2658498,frame_4760.jpg,0,100,normal,The escalator appears to be functioning normally with no visible obstructions or people in distress.
2658498,frame_4765.jpg,0,100,normal,"The escalator appears to be functioning normally with no visible obstructions or people in distress. The person on the escalator is standing upright, indicating no immediate risk of a fall."
2658504,frame_4149.jpg,0,100,normal,"The image shows people standing on the escalator steps, and there is no visible indication of a fall or any disarray that would suggest someone has fallen. The escalator appears to be functioning normally with no signs of malfunction or emergency."
2658504,frame_4153.jpg,0,100,normal,"The image shows people standing on the escalator steps, and there is no indication of any fall or accident. The escalator appears to be functioning normally with no visible obstructions or unusual behavior."
2658504,frame_4158.jpg,0,100,normal,"The image shows a person standing on the escalator steps, which is a normal and safe position. There are no visible signs of a fall, such as someone lying on the ground or an unusual posture that suggests a fall. The escalator appears to be functioning normally."
2658504,frame_4163.jpg,0,100,normal,"The image shows people standing and walking on the escalator steps, which appear to be functioning normally without any visible signs of malfunction or obstruction that would typically indicate a fall risk."
2658504,frame_4168.jpg,80,90,fallOnEscalator,"The image shows two people on an escalator, with one person appearing to be in a position that suggests they may have fallen or are struggling to maintain balance. The presence of a red handrail and the fact that they are on an escalator, which can be slippery, increase the likelihood of a fall."
2658504,frame_4173.jpg,0,100,normal,"The image shows two people standing on the escalator steps, and there is no indication of any fall or accident. The escalator appears to be functioning normally."
2658504,frame_4178.jpg,80,90,fallOnEscalator,"The image shows a person on the ground near the escalator steps, which suggests they may have fallen. The presence of a red handrail and the person's position close to the escalator steps support this observation."
2658504,frame_4183.jpg,0,100,normal,"The image shows a person standing on the escalator steps, which indicates they are using it properly. There are no signs of a fall or any other incident."
2658504,frame_4188.jpg,0,100,normal,"The person is standing on the escalator steps, holding onto the handrail, and there is no indication of any fall or loss of balance."
2658504,frame_4193.jpg,0,100,normal,"The person is standing on the escalator steps, which is a normal and safe position. There are no visible signs of a fall or any other unusual activity."
2658504,frame_4198.jpg,0,100,normal,"The image shows a person standing on the escalator steps, which indicates they are using it properly. There are no signs of a fall or any unusual positioning that would suggest someone has fallen."
2658504,frame_4203.jpg,0,100,normal,"The person is standing on the escalator steps, which is a normal and safe position. There are no visible signs of a fall or any other incident."
2658504,frame_4208.jpg,0,100,normal,"The person appears to be standing normally on the escalator, with no visible signs of a fall or distress."
2658504,frame_4213.jpg,0,100,normal,"The image shows a person standing on the escalator steps, which indicates they are using it properly. There are no signs of a fall or any unusual positioning that would suggest someone has fallen."
2658504,frame_4218.jpg,0,100,normal,"The person is standing on the escalator steps, which is a normal and safe position. There are no visible signs of a fall, such as the person being on the ground or in an unusual position."
2658504,frame_4223.jpg,0,100,normal,"The image shows a person standing on the escalator steps, which indicates they are using the escalator properly. There are no signs of a fall or any unusual positioning that would suggest someone has fallen."
2658504,frame_4228.jpg,0,100,normal,"The image shows people standing and walking on the escalator steps, which appear to be functioning normally without any visible signs of a fall or accident."
2658504,frame_4233.jpg,0,100,normal,The image shows people using the escalator normally without any visible signs of a fall or accident.
2658504,frame_4238.jpg,0,100,normal,"The image shows a person standing on the escalator steps, and there is no indication of any fall or accident. The person appears to be using the escalator normally."
2658504,frame_4243.jpg,0,100,normal,The image shows people using the escalator normally without any visible signs of a fall or accident.
2658504,frame_4248.jpg,0,100,normal,The image shows people using the escalator normally without any visible signs of a fall or accident.
2658504,frame_4253.jpg,0,100,normal,The image shows people using the escalator normally without any visible signs of a fall or accident.
2658504,frame_4258.jpg,0,100,normal,"The image shows a person standing on the escalator steps, which is a normal and safe position. There are no visible signs of a fall, such as someone lying on the ground or an unusual posture that suggests a fall."
2658504,frame_4263.jpg,50,80,fallOnEscalator,"The image shows a person on the ground near the escalator, which could suggest a fall. However, the person is not visibly injured or in distress, and there are no clear signs of a fall such as scattered belongings or other people reacting. The escalator is not in motion, which reduces the likelihood of a fall occurring."
2658504,frame_4268.jpg,80,85,fallOnEscalator,"The person is holding onto the handrail, which suggests they might have lost balance or are trying to regain stability, indicating a higher likelihood of a fall."
2658504,frame_4273.jpg,50,80,fallOnEscalator,"The person is holding onto the handrail, which suggests they are trying to stabilize themselves, possibly indicating a risk of falling. However, there is no clear indication of a fall having already occurred."
2658504,frame_4278.jpg,50,80,fallOnEscalator,"The person appears to be in a position that could suggest a fall, but without additional context, it's not definitive."
2658504,frame_4283.jpg,50,80,fallOnEscalator,"The person is holding onto the handrail, which suggests they are trying to stabilize themselves, possibly indicating a risk of falling. However, there is no clear indication of a fall having already occurred."
2658504,frame_4288.jpg,10,80,normal,"The person appears to be standing normally on the escalator, and there is no visible indication of a fall."
2658504,frame_4293.jpg,50,80,fallOnEscalator,"The person is holding onto the handrail, which suggests they are trying to maintain balance. However, the image does not provide clear evidence of a fall, so the probability is estimated at 50. The confidence level is high due to the visible effort to stabilize on the escalator."
2658504,frame_4298.jpg,0,100,normal,"The person is standing upright and holding onto the handrail, indicating they are using the escalator safely."
2658504,frame_4303.jpg,0,100,normal,The person is standing upright and appears to be using the escalator normally without any signs of a fall.
2658504,frame_4308.jpg,0,100,normal,"The person is standing on the escalator steps, which is a normal and safe position. There is no indication of any fall or accident."
2658504,frame_4313.jpg,0,100,normal,"The person is standing on the escalator steps, holding onto the handrail, and there is no indication of any fall or loss of balance."
2658504,frame_4318.jpg,10,80,normal,"The person appears to be standing normally on the escalator, and there is no visible indication of a fall. The posture and position suggest they are using the escalator safely."
2658504,frame_4323.jpg,0,100,normal,"The person is standing on the escalator steps, holding onto the handrail, and there is no indication of any loss of balance or fall."
2658504,frame_4328.jpg,0,100,normal,"The person appears to be standing normally on the escalator, with no signs of a fall."
2658504,frame_4333.jpg,0,100,normal,"The person appears to be standing normally on the escalator, with no visible signs of a fall or distress."
2658504,frame_4338.jpg,50,80,fallOnEscalator,"The person appears to be in a precarious position, leaning forward on the escalator handrail, which could suggest a loss of balance. However, without additional context or movement, it's not possible to definitively determine if a fall has occurred."
2658504,frame_4343.jpg,0,100,normal,"The person is standing on the escalator steps, holding onto the handrail, and there is no indication of any loss of balance or control."
2658504,frame_4348.jpg,0,100,normal,"The person is standing on the escalator steps, holding onto the handrail, and there is no indication of a fall."
2658504,frame_4353.jpg,80,90,fallOnEscalator,"The person appears to be in a precarious position, with one leg extended and arms outstretched, which suggests a loss of balance. The escalator's handrail is not being used, and the posture indicates a potential fall."
2658504,frame_4358.jpg,80,90,fallOnEscalator,"The person appears to be in a precarious position, with one leg off the escalator step and the other hanging in the air, suggesting a loss of balance or a fall. The context of the image, with the escalator and the person's posture, supports this interpretation."
2658504,frame_4363.jpg,80,90,fallOnEscalator,"The person appears to be in a precarious position, with one leg extended and the other bent, suggesting a loss of balance. The red handrail is not being used, which is typical when someone is falling. The escalator's motion and the person's posture indicate a high likelihood of a fall."
2658504,frame_4368.jpg,80,90,fallOnEscalator,"The person appears to be in an unusual position on the escalator, which could indicate a fall. However, without additional context, it's not possible to determine the exact cause."
2658504,frame_4373.jpg,80,85,fallOnEscalator,"The person appears to be in a precarious position, leaning backward with one hand on the handrail and the other hand extended, which suggests they might have lost balance. The escalator's motion and the person's posture indicate a higher likelihood of a fall."
2658504,frame_4378.jpg,80,90,fallOnEscalator,"The person is bent over and appears to be reaching for something on the escalator steps, which suggests a loss of balance or a potential fall. The position and posture indicate a higher likelihood of an incident."
2658504,frame_4383.jpg,50,80,fallOnEscalator,"The person is leaning forward with one hand on the handrail, which could indicate a loss of balance. However, there is no clear evidence of a fall, such as a position on the ground or other people reacting to an incident."
2658504,frame_4388.jpg,50,80,fallOnEscalator,"The person appears to be holding onto the handrail, which suggests they are trying to stabilize themselves. However, the image does not provide clear evidence of a fall, so the probability is estimated at 50. The confidence level is high due to the visible action of the person holding onto the handrail."
2658504,frame_4393.jpg,0,100,normal,"The person appears to be standing normally on the escalator, with no signs of a fall."
2658504,frame_4398.jpg,0,100,normal,"The person is holding onto the handrail and appears to be standing normally on the escalator, indicating no fall has occurred."
2658504,frame_4403.jpg,0,100,normal,"The person appears to be standing normally on the escalator, with no visible signs of a fall or distress."
2658504,frame_4408.jpg,0,100,normal,"The person is standing upright and appears to be in control, with no signs of a fall."
2658504,frame_4413.jpg,0,100,normal,"The person is standing upright and appears to be in control, with no signs of a fall."
2658504,frame_4418.jpg,0,100,normal,"The person is standing on the escalator steps, holding onto the handrail, and there is no indication of any fall or accident."
2658504,frame_4423.jpg,0,100,normal,"The person is standing upright and appears to be using the escalator normally, without any signs of a fall."
2658504,frame_4428.jpg,0,100,normal,"The person appears to be standing normally on the escalator, with no signs of a fall or distress."
2658504,frame_4433.jpg,0,100,normal,"The person is standing upright and appears to be using the escalator normally, with no signs of a fall."
2658504,frame_4438.jpg,0,100,normal,"The person appears to be standing normally on the escalator, with no signs of a fall or distress."
2658504,frame_4443.jpg,0,100,normal,"The person appears to be standing normally on the escalator, with no visible signs of a fall or distress."
2658504,frame_4448.jpg,0,100,normal,"The person appears to be standing normally on the escalator, with no visible signs of a fall or distress."
2658504,frame_4453.jpg,0,100,normal,"The person appears to be standing normally on the escalator, with no visible signs of a fall or distress."
2658504,frame_4458.jpg,0,100,normal,"The person appears to be standing normally on the escalator, with no signs of a fall or distress."
2658504,frame_4463.jpg,0,100,normal,"The person is standing upright and appears to be in control, with no visible signs of a fall."
2658504,frame_4468.jpg,50,80,fallOnEscalator,"The person appears to be in a position that suggests they might have stumbled or lost balance, but there is no clear evidence of a fall. The posture and hand placement could indicate an attempt to regain balance."
2658504,frame_4473.jpg,10,80,normal,"The person appears to be standing normally on the escalator, with no visible signs of a fall such as lying on the ground or an unusual posture."
2658504,frame_4478.jpg,0,100,normal,"The person appears to be standing normally on the escalator, with no signs of a fall."
2658504,frame_4483.jpg,0,100,normal,The person is holding onto the handrail and appears to be standing normally on the escalator steps. There is no visible indication of a fall or any other incident.
2658504,frame_4488.jpg,0,100,normal,"The person is holding onto the handrail and appears to be standing normally on the escalator, indicating no fall has occurred."
2658504,frame_4493.jpg,0,100,normal,"The person is holding onto the handrail and appears to be standing normally on the escalator, indicating no fall has occurred."
2658504,frame_4498.jpg,0,100,normal,"The person is holding onto the handrail and appears to be standing normally on the escalator, indicating no fall has occurred."
2658504,frame_4503.jpg,0,100,normal,"The person is holding onto the handrail and appears to be standing normally on the escalator, indicating no fall has occurred."
2658504,frame_4508.jpg,0,100,normal,The person is holding onto the handrail and appears to be standing normally on the escalator steps. There is no visible indication of a fall or any other incident.
2658504,frame_4513.jpg,0,100,normal,The person is holding onto the handrail and appears to be standing normally on the escalator steps. There is no indication of a fall or any other incident.
2658504,frame_4518.jpg,0,100,normal,The person is holding onto the handrail and appears to be standing normally on the escalator steps. There is no indication of a fall or any other incident.
2658504,frame_4523.jpg,0,100,normal,"The person is holding onto the handrail and appears to be moving normally, without any signs of a fall."
2658504,frame_4528.jpg,50,80,fallOnEscalator,"The person is holding onto the handrail, which suggests they are trying to maintain balance, possibly indicating a risk of falling. However, there is no clear indication of a fall having occurred."
2658504,frame_4533.jpg,0,100,normal,"The person appears to be standing normally on the escalator, with no visible signs of a fall or distress."
2658504,frame_4538.jpg,0,100,normal,"The person appears to be standing and holding onto the handrail, indicating they are not in a position that suggests they have fallen."
2658504,frame_4543.jpg,0,100,normal,"The image shows a person standing on an escalator, and there is no indication of any fall or accident. The person appears to be moving normally."
2658591,frame_4668.jpg,0,100,normal,"The person is standing on the escalator steps, holding onto the handrail, and there is no indication of any loss of balance or fall."
2658591,frame_4672.jpg,0,100,normal,"The person is standing on the escalator steps, holding onto the handrail, and there is no indication of any loss of balance or control."
2658591,frame_4677.jpg,0,100,normal,"The person is holding onto the handrail, which is a standard and safe way to use an escalator. There are no visible signs of a fall or any other unsafe behavior."
2658591,frame_4682.jpg,0,100,normal,"The person is standing on the escalator steps, holding onto the handrail, and there is no indication of any loss of balance or control."
2658591,frame_4687.jpg,0,100,normal,"The person appears to be standing normally on the escalator steps, with no visible signs of a fall or distress."
2658591,frame_4692.jpg,80,90,fallOnEscalator,"The person appears to be on their hands and knees, which is a common position after a fall. The escalator's edge and the person's posture suggest they may have lost balance."
2658591,frame_4697.jpg,0,100,normal,"The image shows a person standing on the escalator steps, which indicates they are using the escalator properly. There are no signs of a fall, such as a person lying on the ground or an overturned stroller. The person appears to be in control and moving with the escalator."
2658591,frame_4702.jpg,50,80,fallOnEscalator,"The person appears to be in a position that suggests they might have stumbled or lost balance, but it's not clear if they have actually fallen. The escalator is in motion, and the person's posture could be due to normal movement or a temporary imbalance."
2658591,frame_4707.jpg,0,100,normal,"The image shows a person standing on the escalator steps, which indicates they are using the escalator properly. There are no signs of a fall, such as a person lying on the ground or an overturned bag. The person appears to be in control and moving with the escalator."
2658591,frame_4712.jpg,10,80,normal,"The image shows a person standing on the escalator steps, which is a common and safe position. There are no visible signs of a fall, such as the person on the ground or disarrayed items. The escalator appears to be functioning normally."
2658591,frame_4717.jpg,80,85,fallOnEscalator,"The image shows a person lying on the escalator steps, which suggests they may have fallen. The position and context strongly indicate an incident, though the exact cause is not clear."
2658591,frame_4722.jpg,10,80,normal,"The person appears to be standing on the escalator steps, and there is no visible indication of a fall. The escalator seems to be functioning normally."
2658591,frame_4727.jpg,0,100,normal,"The image shows a person standing on the escalator steps, which indicates they are using the escalator properly and there is no indication of a fall."
2658591,frame_4732.jpg,80,85,fallOnEscalator,"The person appears to be in a position that suggests they may have lost balance or fallen, as they are on the ground near the escalator steps. The red handrail and the person's posture indicate a possible fall."
2658591,frame_4737.jpg,80,85,fallOnEscalator,"The person appears to be bent over, which could indicate they have lost balance or are in the process of falling. The position on the escalator steps and the lack of other people nearby suggest a higher likelihood of a fall."
2658591,frame_4742.jpg,80,85,fallOnEscalator,"The person appears to be bent over, which could indicate they have lost balance or are in the process of falling. The position and posture suggest a potential fall, but without additional context, it's not definitive."
2658591,frame_4747.jpg,0,100,normal,"The image shows a person standing on the escalator steps, which indicates they are using the escalator properly. There are no visible signs of a fall, such as the person lying on the ground or any disarray on the escalator."
2658591,frame_4752.jpg,80,85,fallOnEscalator,"The person appears to be in a position that suggests they may have stumbled or lost balance, which is a common cause of falls on escalators. The image shows the person in a bent-over position, which is often indicative of a fall or a near-fall."
2658591,frame_4757.jpg,10,80,normal,"The person appears to be standing normally on the escalator steps, and there is no visible indication of a fall, such as a person lying on the ground or an object scattered around."
2658591,frame_4762.jpg,10,80,normal,"The person appears to be standing normally on the escalator steps, and there is no visible indication of a fall. The posture and position suggest they are using the escalator normally."
2658591,frame_4767.jpg,10,80,normal,"The person appears to be standing normally on the escalator steps, and there are no visible signs of a fall, such as a person lying on the ground or disarrayed items."
2658591,frame_4772.jpg,80,85,fallOnEscalator,The person on the escalator appears to be in a position that suggests they may have lost balance or are in the process of falling. The posture and position relative to the escalator steps support this observation.
2658591,frame_4777.jpg,10,80,normal,"The image shows a person on an escalator, but there are no visible signs of a fall, such as a person on the ground or disarrayed items. The person appears to be standing normally."
2658591,frame_4782.jpg,0,100,normal,"The image shows a person standing on the escalator steps, which appear to be functioning normally without any visible obstructions or irregularities that would suggest a fall has occurred."
2658591,frame_4787.jpg,0,100,normal,"The image shows a person standing on the escalator steps, which appear to be functioning normally without any visible obstructions or irregularities that would suggest a fall has occurred."
2658591,frame_4792.jpg,0,100,normal,"The image shows a person standing on the escalator steps, which appear to be functioning normally without any visible obstructions or malfunctions. There is no indication of a fall or any other incident."
2658591,frame_4797.jpg,0,100,normal,"The image shows a person standing on the escalator steps, holding onto the handrail, and there is no indication of any fall or accident. The person appears to be in a normal, upright position, suggesting that they are safely using the escalator."
2658591,frame_4802.jpg,0,100,normal,"The image shows a person standing on the escalator steps, which indicates they are using the escalator properly. There are no signs of a fall, such as a person lying on the ground or an object scattered around. The person appears to be holding onto the handrail, which is a common safety practice when using escalators."
2658591,frame_4807.jpg,0,100,normal,"The person appears to be standing normally on the escalator, with no signs of a fall."
2658591,frame_4812.jpg,0,100,normal,"The image shows a person standing on the escalator steps, which appear to be functioning normally without any visible obstructions or irregularities that would suggest a fall has occurred."
2658591,frame_4817.jpg,50,80,fallOnEscalator,"The person appears to be sitting on the escalator steps, which could suggest they have fallen or are in a precarious position. However, without additional context, it's not possible to determine with certainty."
2658591,frame_4822.jpg,0,100,normal,"The image shows a person standing on the escalator steps, which is a normal and safe position. There are no visible signs of a fall, such as the person being on the ground or in an unusual position."
2658591,frame_4827.jpg,10,80,normal,"The person appears to be holding onto the handrail, which suggests they are trying to maintain balance. There is no visible indication of a fall, such as a person lying on the escalator or other people reacting to an incident."
2658591,frame_4832.jpg,10,80,normal,"The person appears to be holding onto the handrail, which suggests they are trying to maintain balance. There is no visible indication of a fall, such as a person lying on the escalator or other people reacting to an incident."
2658591,frame_4837.jpg,50,80,fallOnEscalator,"The person appears to be reaching out to the handrail, which might suggest they are trying to regain balance or are in a precarious position. However, there is no clear indication of a fall, so the probability is moderate."
2658591,frame_4842.jpg,0,100,normal,"The image shows a person standing on the escalator steps, which indicates they are using the escalator properly. There is no indication of a fall or any other incident."
2658591,frame_4847.jpg,0,100,normal,"The person appears to be standing normally on the escalator steps, with no visible signs of a fall or distress."
2658591,frame_4852.jpg,0,100,normal,"The person appears to be standing normally on the escalator, with no signs of a fall."
2658591,frame_4857.jpg,0,100,normal,"The person is standing on the escalator steps, holding onto the handrail, and there is no indication of any loss of balance or fall."
2658591,frame_4862.jpg,10,90,normal,"The person appears to be standing on the escalator steps with their arms outstretched, which is not a typical posture for someone who has fallen. They seem to be in control and possibly posing for a photo."
2658591,frame_4867.jpg,10,90,normal,"The person appears to be holding onto the handrail and maintaining balance, suggesting they are not in a position to have fallen."
2658591,frame_4872.jpg,0,100,normal,The person is holding onto the handrail and appears to be standing normally on the escalator steps.
2658591,frame_4877.jpg,0,100,normal,The person is holding onto the handrail and appears to be standing normally on the escalator steps. There is no indication of a fall or any unusual position that would suggest a fall has occurred.
2658591,frame_4882.jpg,0,100,normal,"The person is holding onto the handrail and appears to be standing normally on the escalator steps. There are no visible signs of a fall, such as the person being on the ground or in an unusual position."
2658591,frame_4887.jpg,0,100,normal,The person is holding onto the handrail and appears to be moving normally on the escalator. There is no indication of a fall or any unusual behavior.
2658591,frame_4892.jpg,0,100,normal,The person is holding onto the handrail and appears to be standing normally on the escalator steps. There is no indication of any loss of balance or fall.
2658591,frame_4897.jpg,0,100,normal,The person is holding onto the handrail and appears to be standing normally on the escalator steps. There is no indication of a fall or any other incident.
2658591,frame_4902.jpg,0,100,normal,"The person is standing on the escalator steps, holding onto the handrail, and there is no indication of any fall or loss of balance."
2658591,frame_4907.jpg,0,100,normal,The person is holding onto the handrail and appears to be standing normally on the escalator steps. There is no indication of a fall or any unusual position that would suggest a fall has occurred.
2658591,frame_4912.jpg,0,100,normal,"The person is standing on the escalator steps, holding onto the handrail, and there is no indication of any fall or loss of balance."
2658591,frame_4917.jpg,0,100,normal,"The person is standing on the escalator steps, holding onto the handrail, and there is no indication of any loss of balance or movement that would suggest a fall."
2658591,frame_4922.jpg,0,100,normal,"The person is holding onto the handrail and appears to be standing normally on the escalator steps. There are no visible signs of a fall, such as the person being on the ground or in an unusual position."
2658591,frame_4927.jpg,0,100,normal,The person is holding onto the handrail and appears to be standing normally on the escalator steps. There is no visible indication of a fall or any other incident.
2658591,frame_4932.jpg,0,100,normal,"The person is holding onto the handrail, which is a common safety practice when using an escalator. There is no visible indication of a fall or any other incident."
2658591,frame_4937.jpg,0,100,normal,"The person is holding onto the handrail and appears to be standing normally on the escalator, indicating no signs of a fall."
2658591,frame_4942.jpg,0,100,normal,The person is holding onto the handrail and appears to be standing normally on the escalator steps. There is no indication of any loss of balance or other factors that would suggest a fall is imminent.
2658620,frame_4099.jpg,0,100,normal,"The person is standing upright and appears to be moving normally on the escalator, indicating no fall has occurred."
2658620,frame_4103.jpg,0,100,normal,The person is standing upright and appears to be using the escalator normally without any signs of distress or imbalance.
2658620,frame_4108.jpg,0,100,normal,The person is standing upright and appears to be using the escalator normally without any signs of distress or imbalance.
2658620,frame_4113.jpg,0,100,normal,"The person on the escalator appears to be standing normally and there are no visible signs of a fall, such as someone lying on the ground or an overturned stroller."
2658620,frame_4118.jpg,0,100,normal,"The image shows a person standing on the escalator, not in a position that suggests a fall. The escalator appears to be functioning normally, and there are no visible signs of an accident."
2658620,frame_4123.jpg,0,100,normal,"The image shows a person standing on the escalator, and there are no visible signs of a fall, such as people lying on the ground or objects scattered around. The escalator appears to be functioning normally."
2658620,frame_4128.jpg,10,80,normal,"The person appears to be standing normally on the escalator, and there are no visible signs of a fall, such as a person lying on the ground or an overturned stroller."
2658620,frame_4133.jpg,80,90,fallOnEscalator,"The person appears to be in a position that suggests they may have lost balance or control, which is a common cause of falls on escalators."
2658620,frame_4138.jpg,80,90,fallOnEscalator,"The person is lying on the escalator steps, which is an unusual and unsafe position, suggesting they may have fallen."
2658620,frame_4143.jpg,80,90,fallOnEscalator,"The image shows a person lying on an escalator, which strongly suggests they have fallen. The position of the person and the context of the escalator environment support this conclusion."
2658620,frame_4148.jpg,90,95,fallOnEscalator,"The image shows a person lying on an escalator, which strongly suggests they have fallen. The position of the person and the context of the escalator environment support this conclusion."
2658620,frame_4153.jpg,80,90,fallOnEscalator,"The person is lying on the escalator steps, which is a common position for someone who has fallen. The lack of other people around and the person's position suggest an incident."
2658620,frame_4158.jpg,90,95,fallOnEscalator,"The image shows a person lying on an escalator, which strongly suggests they have fallen. The position and context strongly indicate an incident of falling on the escalator."
2658620,frame_4163.jpg,80,90,fallOnEscalator,"The person is lying on the escalator steps, which is a common position for someone who has fallen. The escalator is stationary, which is unusual for a moving escalator, suggesting that the person may have fallen."
2658620,frame_4168.jpg,80,90,fallOnEscalator,"The image shows a person lying on the escalator steps, which suggests they may have fallen. The presence of a person in a prone position on the escalator is a strong indicator of a fall."
2658620,frame_4173.jpg,80,90,fallOnEscalator,"The image shows a person lying on the escalator steps, which suggests they may have fallen. The position and context strongly indicate an incident involving a fall."
2658620,frame_4178.jpg,0,100,normal,The escalator appears to be functioning normally with no visible obstructions or people in distress. The person at the top seems to be standing normally.
2658620,frame_4183.jpg,80,90,fallOnEscalator,"The image shows a person lying on the escalator steps, which suggests they may have fallen. The position and context strongly indicate an incident."
2658620,frame_4188.jpg,0,100,normal,"The image shows a person standing on the escalator, not in a position that suggests they have fallen. The escalator appears to be functioning normally, and there are no visible signs of an accident or emergency."
2658620,frame_4193.jpg,0,100,normal,"The escalator appears to be functioning normally with no visible obstructions or people in distress. The area is clean and well-maintained, suggesting a safe environment."
2658620,frame_4198.jpg,50,80,fallOnEscalator,"The image shows a person lying on an escalator, which suggests a potential fall. However, without additional context or motion, it's not possible to definitively confirm a fall."
2658620,frame_4203.jpg,0,100,normal,"The escalator appears to be functioning normally with no visible obstructions or people in distress. The area is clean and well-maintained, suggesting a safe environment."
2658620,frame_4208.jpg,0,100,normal,"The escalator appears to be functioning normally with no visible obstructions or people in distress. There are no signs of a fall, such as people lying on the ground or broken equipment."
2658620,frame_4213.jpg,0,100,normal,"The escalator appears to be functioning normally with no visible obstructions or people in distress. There are no signs of a fall, such as people lying on the ground or broken equipment."
2658620,frame_4218.jpg,0,100,normal,"The escalator appears to be functioning normally with no visible obstructions or people in distress. The area is clean and well-maintained, suggesting a safe environment."
2658620,frame_4223.jpg,0,100,normal,"The escalator appears to be functioning normally with no visible obstructions or people in distress. The area is clean and well-maintained, suggesting a safe environment."
2658620,frame_4228.jpg,0,100,normal,"The escalator appears to be functioning normally with no visible obstructions or people in distress. The area is clean and well-maintained, suggesting a safe environment."
2658620,frame_4233.jpg,0,100,normal,"The escalator appears to be functioning normally with no visible obstructions or people in distress. The area is clean and well-maintained, suggesting a safe environment."
2658620,frame_4238.jpg,0,100,normal,"The escalator appears to be functioning normally with no visible obstructions or people in distress. The area is clean and well-maintained, suggesting a safe environment."
2658620,frame_4243.jpg,0,100,normal,"The escalator appears to be functioning normally with no visible obstructions or people in distress. The area is clean and well-maintained, suggesting a safe environment."
2658620,frame_4248.jpg,0,100,normal,"The escalator appears to be functioning normally with no visible obstructions or signs of damage that would indicate a risk of a fall. The handrails and steps look intact, and there are no people on the escalator, suggesting it is not in use at the moment."
2658620,frame_4253.jpg,0,100,normal,"The escalator appears to be functioning normally with no visible obstructions or people in distress. There are no signs of a recent fall, such as scattered belongings or people checking on someone."
2658620,frame_4258.jpg,0,100,normal,"The escalator appears to be functioning normally with no visible obstructions or people in distress. There are no signs of a fall, such as people lying on the ground or broken equipment."
2658620,frame_4263.jpg,0,100,normal,"The escalator appears to be functioning normally with no visible obstructions or people in distress. The area is clean and well-maintained, suggesting a safe environment."
2658722,frame_4469.jpg,0,100,normal,The image shows people using the escalator normally without any visible signs of a fall or accident.
2658722,frame_4473.jpg,0,100,normal,The image shows people using the escalator normally without any visible signs of a fall or accident.
2658722,frame_4478.jpg,0,100,normal,The image shows people using the escalator normally without any visible signs of a fall or accident.
2658722,frame_4483.jpg,0,100,normal,The image shows people using the escalator normally without any visible signs of a fall or accident.
2658722,frame_4488.jpg,0,100,normal,The image shows people using the escalator normally without any visible signs of a fall or accident.
2658722,frame_4493.jpg,10,80,normal,"The image shows a person on an escalator, but there is no visible indication of a fall, such as a person lying on the ground or an overturned stroller. The person appears to be standing normally."
2658722,frame_4498.jpg,80,85,fallOnEscalator,"The person appears to be in a position that suggests they may have lost balance or control, which is a common cause of falls on escalators. However, without additional context, it's not possible to determine the exact cause."
2658722,frame_4503.jpg,80,90,fallOnEscalator,"The person appears to be in a position that suggests they have lost balance or control, which is common in falls. The escalator is stationary, and the person's posture indicates a possible loss of balance."
2658722,frame_4508.jpg,80,90,fallOnEscalator,"The image shows a person lying on an escalator, which suggests they may have fallen. The escalator is not in motion, and the person's position is unusual for someone who is simply using the escalator."
2658722,frame_4513.jpg,80,85,fallOnEscalator,"The person is lying on the escalator steps, which is a common position for someone who has fallen. The escalator is stationary, which is unusual for a moving escalator, suggesting that the person may have fallen."
2658722,frame_4518.jpg,80,90,fallOnEscalator,"The person appears to be in a position that suggests they may have lost balance or control, which is a common cause of falls on escalators."
2658722,frame_4523.jpg,80,85,fallOnEscalator,"The person is lying on the escalator steps, which is a common position for someone who has fallen. The escalator is stationary, which suggests it may have stopped after the fall."
2658722,frame_4528.jpg,10,80,normal,"The person appears to be standing normally on the escalator, and there are no visible signs of distress or an accident."
2658722,frame_4533.jpg,80,85,fallOnEscalator,"The person appears to be lying on the escalator steps, which is a common position for someone who has fallen. The escalator is stationary, and there are no visible signs of movement, which suggests that the person may have fallen. However, without additional context or information, it is not possible to determine the exact cause of the person's position on the escalator."
2658722,frame_4538.jpg,80,85,fallOnEscalator,"The person appears to be lying on the escalator steps, which is a common position for someone who has fallen. The lack of other people around and the person's position suggest an incident."
2658722,frame_4543.jpg,50,80,fallOnEscalator,"The person appears to be in a position that suggests they might have fallen, but it is not clear from the image alone. The person's posture and the position of their arms and legs could indicate a fall, but without additional context or movement, it is uncertain."
2658722,frame_4548.jpg,50,80,fallOnEscalator,"The image shows a person lying on an escalator, which suggests a possible fall. However, without additional context or motion, it's not definitive."
2658722,frame_4553.jpg,10,80,normal,"The image shows a person standing on an escalator, which is a common and safe activity. There are no visible signs of distress or an accident. The escalator appears to be functioning normally."
2658722,frame_4558.jpg,0,100,normal,"The escalator appears to be functioning normally with no visible obstructions or people in distress. The person on the escalator is standing upright, indicating no fall has occurred."
2658722,frame_4563.jpg,0,100,normal,"The escalator appears to be functioning normally with no visible obstructions or people in distress. The area is clean and well-maintained, suggesting a safe environment."
2658722,frame_4568.jpg,0,100,normal,"The escalator appears to be functioning normally with no visible obstructions or people in distress. The area is clean and well-maintained, suggesting a safe environment."
2658722,frame_4573.jpg,0,100,normal,"The escalator appears to be functioning normally with no visible obstructions or people in distress. The area is clean and well-maintained, suggesting a safe environment."
2658722,frame_4578.jpg,0,100,normal,"The escalator appears to be functioning normally with no visible obstructions or people in distress. The area is clean and well-maintained, suggesting a safe environment."
2658722,frame_4583.jpg,0,100,normal,"The image shows a person standing on the escalator, and there are no visible signs of a fall, such as people lying on the ground or objects scattered around. The escalator appears to be functioning normally."
2658722,frame_4588.jpg,50,80,fallOnEscalator,"The person is bent over and appears to be in a position that could indicate a fall, but without additional context, it's not certain."
2658722,frame_4593.jpg,0,100,normal,"The image shows a person standing on the escalator, and there are no visible signs of a fall, such as people lying on the ground or objects scattered around. The escalator appears to be functioning normally."
2658722,frame_4598.jpg,0,100,normal,"The image shows a person standing on the escalator, not in a position that suggests a fall. The escalator appears to be functioning normally, and there are no visible signs of an accident."
2658722,frame_4603.jpg,0,100,normal,"The escalator appears to be functioning normally with no visible obstructions or people in distress. The person on the escalator is standing upright, indicating no fall has occurred."
2658722,frame_4608.jpg,0,100,normal,"The escalator appears to be functioning normally with no visible obstructions or people in distress. The area is clean and well-maintained, suggesting a safe environment."
2658722,frame_4613.jpg,0,100,normal,"The escalator appears to be functioning normally with no visible obstructions or people in distress. The person on the escalator is standing upright, indicating no fall has occurred."
2658722,frame_4618.jpg,0,100,normal,"The escalator appears to be functioning normally with no visible obstructions or people in distress. The area is clean and well-maintained, suggesting a safe environment."
2658776,frame_4318.jpg,0,100,normal,"The image shows a person standing on the escalator steps, which appear to be functioning normally without any visible obstructions or irregularities that would suggest a risk of falling."
2658776,frame_4322.jpg,0,100,normal,"The person on the escalator appears to be standing normally and there are no visible signs of a fall, such as a person lying on the ground or an object scattered around."
2658776,frame_4327.jpg,0,100,normal,"The image shows people standing on the escalator steps, which are moving smoothly. There are no visible signs of a fall, such as people on the ground or disarrayed items. The escalator appears to be functioning normally."
2658776,frame_4332.jpg,0,100,normal,The image shows people using the escalator normally without any visible signs of a fall or accident.
2658776,frame_4337.jpg,0,100,normal,The escalator appears to be functioning normally with no visible obstructions or people in distress. The individuals on the escalator are standing upright and seem to be moving safely.
2658776,frame_4342.jpg,0,100,normal,"The image shows people using the escalator normally without any visible signs of a fall or accident. The escalator appears to be functioning properly, and there are no visible obstructions or unusual conditions that would suggest a fall has occurred."
2658776,frame_4347.jpg,0,100,normal,"The image shows a person standing on the escalator steps, which are moving smoothly. There are no visible signs of a fall, such as people lying on the ground or objects scattered around. The escalator appears to be in operation without any disruptions."
2658776,frame_4352.jpg,0,100,normal,"The image shows a person standing on the escalator steps, which indicates they are using it properly. There are no visible signs of a fall or any unusual positioning that would suggest an accident."
2658776,frame_4357.jpg,0,100,normal,"The image shows a person standing on the escalator steps, which is a normal and safe position. There are no visible signs of a fall, such as someone lying on the ground or an overturned escalator. The person appears to be moving with the escalator, indicating no immediate risk of a fall."
2658776,frame_4362.jpg,0,100,normal,"The image shows a person standing on the escalator steps, which is a normal and safe position. There are no visible signs of a fall, such as someone lying on the ground or an overturned stroller. The escalator appears to be functioning properly with no obstructions or malfunctions."
2658776,frame_4367.jpg,0,100,normal,"The image shows a person standing on the escalator steps, which appear to be functioning normally without any visible signs of malfunction or obstruction. There are no indications of a fall having occurred."
2658776,frame_4372.jpg,0,100,normal,"The image shows a person standing on the escalator steps, which indicates they are using it properly. There are no signs of a fall or any unusual positioning that would suggest an accident."
2658776,frame_4377.jpg,0,100,normal,The escalator appears to be functioning normally with no visible obstructions or people in distress.
2658776,frame_4382.jpg,0,100,normal,"The escalator appears to be functioning normally with no visible obstructions or people in distress. The handrail and steps are intact, and there are no signs of a fall having occurred."
2658789,frame_4032.jpg,0,100,normal,The person is holding onto the handrail and appears to be standing normally on the escalator steps. There is no indication of a fall or any unusual position that would suggest a fall has occurred.
2658789,frame_4036.jpg,0,100,normal,The person is holding onto the handrail and appears to be standing normally on the escalator steps. There is no indication of a fall or any unusual position that would suggest a fall has occurred.
2658789,frame_4041.jpg,50,80,fallOnEscalator,"The person appears to be in a precarious position, leaning backward with arms extended, which could suggest a loss of balance. However, there is no clear indication of a fall, such as a person on the ground or a visible impact. The escalator seems to be functioning normally, and the person's posture could be interpreted as a momentary imbalance rather than a fall."
2658789,frame_4046.jpg,0,100,normal,"The person is standing on the escalator steps, holding onto the handrail, and there is no indication of any loss of balance or control."
2658789,frame_4051.jpg,0,100,normal,"The person is standing on the escalator steps, holding onto the handrail, and there is no indication of any loss of balance or control."
2658789,frame_4056.jpg,0,100,normal,"The person appears to be standing normally on the escalator, with no signs of a fall."
2658789,frame_4061.jpg,50,80,fallOnEscalator,"The person is holding onto the handrail, which suggests they are trying to maintain balance. However, the image does not provide enough context to determine if they are actually falling or if they are in a precarious position."
2658789,frame_4066.jpg,0,100,normal,The person is holding onto the handrail and appears to be standing normally on the escalator steps.
2658789,frame_4071.jpg,80,90,fallOnEscalator,"The person appears to be in a position that suggests they may have lost balance or are in the process of falling, as they are leaning forward and reaching out. The escalator's handrail is also visible, which could indicate that they are trying to regain stability."
2658789,frame_4076.jpg,80,90,fallOnEscalator,"The person is hanging onto the handrail with one hand, which suggests they may have lost balance or are in a precarious position, increasing the likelihood of a fall."
2658789,frame_4081.jpg,80,90,fallOnEscalator,"The person is in a position that suggests they have lost balance and are attempting to regain it, which is a common scenario for a fall on an escalator."
2658789,frame_4086.jpg,80,90,fallOnEscalator,"The person is reaching out to a handrail, which suggests they may have lost balance or are in a precarious position on the escalator."
2658789,frame_4091.jpg,80,90,fallOnEscalator,"The person is reaching out to the handrail, which suggests they might have lost balance or are in a precarious position on the escalator."
2658789,frame_4096.jpg,50,80,fallOnEscalator,"The person is reaching out to the handrail, which could indicate a loss of balance, but there is no clear indication of a fall."
2658789,frame_4101.jpg,80,90,fallOnEscalator,"The person appears to be in an unusual position on the escalator, with one leg extended and the other bent, which is not a typical posture for someone standing or walking on an escalator. This suggests that they may have lost balance and fallen."
2658789,frame_4106.jpg,80,85,fallOnEscalator,"The person is reaching out to a handrail, which suggests they may have lost balance or are in a precarious position on the escalator."
2658789,frame_4111.jpg,80,90,fallOnEscalator,"The person is reaching out to the handrail, which suggests they may have lost balance or are in a precarious position on the escalator."
2658789,frame_4116.jpg,80,85,fallOnEscalator,"The person is reaching out to the handrail, which suggests they may have lost balance or are in a precarious position on the escalator."
2658789,frame_4121.jpg,0,100,normal,"The person is holding onto the handrail, which suggests they are using the escalator safely. There is no visible indication of a fall or any other incident."
2658789,frame_4126.jpg,50,80,fallOnEscalator,"The person is holding onto the handrail, which suggests they are trying to maintain balance. However, the image does not provide enough context to determine if they are actually in danger of falling."
2658789,frame_4131.jpg,80,90,fallOnEscalator,"The person is holding onto the handrail with one hand, which suggests they might have lost balance or are in a precarious position, increasing the likelihood of a fall."
2658789,frame_4136.jpg,80,90,fallOnEscalator,"The person is in a position that suggests they may have lost balance or are attempting to regain stability, which is common in situations where someone might fall on an escalator."
2658789,frame_4141.jpg,80,90,fallOnEscalator,"The person is in a position that suggests they may have lost balance or are in the process of falling, as they are on their knees and leaning forward on the handrail."
2658789,frame_4146.jpg,50,80,fallOnEscalator,"The person is holding onto the handrail, which suggests they are trying to stabilize themselves, possibly indicating a risk of falling. However, there is no clear indication of a fall having already occurred."
2658789,frame_4151.jpg,10,80,normal,"The person appears to be standing normally on the escalator steps, and there is no visible indication of a fall. However, without additional context, it's difficult to be certain."
2658789,frame_4156.jpg,50,80,fallOnEscalator,"The person is holding onto the handrail, which suggests they are trying to maintain balance, possibly indicating a risk of falling. However, there is no clear indication of a fall having occurred, so the probability is estimated at 50."
2658789,frame_4161.jpg,50,80,fallOnEscalator,"The person is leaning forward with one hand on the handrail, which could indicate a loss of balance. However, there is no clear evidence of a fall, such as a position on the ground or other people reacting to an incident."
2658789,frame_4166.jpg,50,80,fallOnEscalator,"The person is holding onto the handrail, which suggests they are trying to stabilize themselves, possibly indicating a risk of falling. However, there is no clear indication of a fall having already occurred."
2658789,frame_4171.jpg,50,80,fallOnEscalator,"The person is holding onto the handrail, which suggests they are trying to stabilize themselves, possibly indicating a risk of falling. However, there is no clear indication of a fall having already occurred."
2658789,frame_4176.jpg,0,100,normal,The person is holding onto the handrail and appears to be standing normally on the escalator steps.
2658789,frame_4181.jpg,0,100,normal,The person is holding onto the handrail and appears to be standing normally on the escalator steps. There is no indication of a fall or any other incident.
2658789,frame_4186.jpg,0,100,normal,"The person is standing on the escalator steps, holding onto the handrail, and there is no indication of any loss of balance or fall."
2658789,frame_4191.jpg,50,80,fallOnEscalator,"The person is holding onto the handrail, which suggests they are trying to maintain balance, possibly indicating a risk of falling. However, there is no clear indication of a fall having already occurred."
2658789,frame_4196.jpg,50,80,fallOnEscalator,"The person is holding onto the handrail, which suggests they are trying to maintain balance, but their posture and the angle of the escalator could indicate a risk of falling."
2658789,frame_4201.jpg,0,100,normal,The person is holding onto the handrail and appears to be standing normally on the escalator steps.
2658789,frame_4206.jpg,0,100,normal,The person is holding onto the handrail and appears to be standing normally on the escalator steps.
2658789,frame_4211.jpg,0,100,normal,The person is holding onto the handrail and appears to be standing normally on the escalator steps.
2658789,frame_4216.jpg,0,100,normal,The person is holding onto the handrail and appears to be standing normally on the escalator steps.
2658789,frame_4221.jpg,0,100,normal,The person is holding onto the handrail and appears to be standing normally on the escalator steps.
2658789,frame_4226.jpg,0,100,normal,The person is holding onto the handrail and appears to be standing normally on the escalator. There is no indication of a fall or any other incident.
2658789,frame_4231.jpg,0,100,normal,The person is holding onto the handrail and appears to be standing normally on the escalator.
2658789,frame_4236.jpg,0,100,normal,"The person is holding onto the handrail and appears to be standing normally on the escalator, indicating no fall has occurred."
2658789,frame_4241.jpg,0,100,normal,"The person is standing on the escalator steps, holding onto the handrail, and there is no indication of any loss of balance or fall."
2658789,frame_4246.jpg,50,80,fallOnEscalator,"The person is leaning on the handrail, which could indicate instability, but there is no clear evidence of a fall."
2658789,frame_4251.jpg,80,85,fallOnEscalator,"The person appears to be in a precarious position, leaning forward with one hand on the handrail and the other extended, which suggests they might have lost balance. The posture and the position on the escalator steps could indicate a potential fall."
2658789,frame_4256.jpg,50,80,fallOnEscalator,"The person is leaning forward and holding onto the handrail, which could indicate a loss of balance. However, there is no clear evidence of a fall, such as a person on the ground or a visible impact."
2658789,frame_4261.jpg,80,85,fallOnEscalator,"The person is bent over and appears to be reaching for something on the escalator steps, which suggests they may have lost balance or fallen. The posture and position on the escalator escalate the likelihood of a fall."
2658789,frame_4266.jpg,80,90,fallOnEscalator,"The person is bent over and appears to be reaching for something on the escalator steps, which suggests they may have lost balance or are in the process of falling. The posture and position on the escalator escalate the likelihood of a fall."
2658789,frame_4271.jpg,80,90,fallOnEscalator,"The person appears to be in a position that suggests they may have lost balance or are in the process of falling, as they are leaning forward and reaching out. The escalator's handrail is also visible, which could indicate that they are trying to regain stability."
2658789,frame_4276.jpg,0,100,normal,"The person appears to be standing normally on the escalator, with no visible signs of a fall or distress."
2658789,frame_4281.jpg,0,100,normal,"The person is standing on the escalator steps, and there is no indication of any fall or accident."
2658843,frame_4259.jpg,0,100,normal,"The image shows two people standing on the escalator steps, holding onto the handrail, which suggests they are using the escalator safely. There are no visible signs of a fall or any other incident."
2658843,frame_4263.jpg,10,80,normal,"The image shows a person holding onto the handrail, which suggests they are using the escalator properly. There is no visible indication of a fall or any unusual behavior that would suggest someone has fallen."
2658843,frame_4268.jpg,10,90,normal,The person appears to be holding onto the handrail and is not in a position that suggests they have lost balance or control.
2658843,frame_4273.jpg,0,100,normal,"The image shows a person standing on the escalator steps, holding onto the handrail, which suggests they are using the escalator properly and there is no indication of a fall."
2658843,frame_4278.jpg,80,85,fallOnEscalator,"The person appears to be in a precarious position, with one leg off the escalator step and the other on a different step, which suggests a potential loss of balance. The red handrail is also in contact with the person, which might indicate an attempt to stabilize."
2658843,frame_4283.jpg,0,100,normal,"The person is holding onto the handrail and appears to be moving normally, without any signs of a fall."
2658843,frame_4288.jpg,0,100,normal,"The person appears to be standing normally on the escalator, with no signs of a fall."
2658843,frame_4293.jpg,10,80,normal,"The person appears to be standing normally on the escalator, and there are no visible signs of a fall, such as a person lying on the ground or an overturned bag."
2658843,frame_4298.jpg,50,80,fallOnEscalator,"The person appears to be reaching out, possibly to regain balance, which could indicate a fall. However, without more context, it's not certain."
2658843,frame_4303.jpg,0,100,normal,The person is holding onto the handrail and appears to be standing normally on the escalator steps. There is no visible indication of a fall or any unusual position that would suggest a fall has occurred.
2658843,frame_4308.jpg,0,100,normal,The image shows people using the escalator normally without any signs of a fall or accident.
2658843,frame_4313.jpg,0,100,normal,"The image shows people using the escalator normally without any signs of a fall. The individuals appear to be standing and holding onto the handrail, which is typical behavior for safe use."
2658843,frame_4318.jpg,80,90,fallOnEscalator,"The person appears to be bent over, which could indicate they have lost balance or are in the process of falling. The presence of a baby stroller on the escalator also suggests a potential risk, as it is not a typical item to be on an escalator."
2658843,frame_4323.jpg,10,80,normal,"The person appears to be standing normally on the escalator, and there are no visible signs of a fall, such as a person lying on the ground or disarrayed items."
2658843,frame_4328.jpg,50,80,fallOnEscalator,"The person on the escalator appears to be in a position that could suggest a fall, but without additional context, it's not definitive."
2658843,frame_4333.jpg,80,85,fallOnEscalator,"The person appears to be sitting on the escalator steps, which is an unusual position for someone using the escalator. This suggests they may have lost balance or fallen."
2658843,frame_4338.jpg,50,80,fallOnEscalator,"The person appears to be sitting on the escalator steps, which could indicate a fall. However, without additional context, it's not certain."
2658843,frame_4343.jpg,0,100,normal,"The person appears to be standing normally on the escalator steps, with no visible signs of a fall or distress."
2658843,frame_4348.jpg,50,80,fallOnEscalator,"The person appears to be sitting on the escalator steps, which could suggest they have fallen. However, without additional context, it's not possible to determine with certainty."
2658843,frame_4353.jpg,0,100,normal,The person is standing upright and appears to be using the escalator normally without any signs of a fall.
2658843,frame_4358.jpg,0,100,normal,"The person is standing on the escalator steps, which is a normal and safe position. There are no visible signs of a fall, such as the person being on the ground or in an unusual position."
2658843,frame_4363.jpg,50,80,fallOnEscalator,"The person appears to be sitting on the escalator steps, which could suggest they have fallen or are in a precarious position. However, without additional context, it's not possible to determine with certainty."
2658843,frame_4368.jpg,50,80,fallOnEscalator,"The person appears to be in a precarious position, leaning forward with one hand touching the escalator steps, which could indicate a loss of balance. However, there is no clear indication of a fall, such as a person on the ground or a visible impact."
2658843,frame_4373.jpg,10,80,normal,"The person appears to be standing normally on the escalator steps, and there is no visible indication of a fall, such as a person lying on the ground or an object scattered around."
2658843,frame_4378.jpg,10,90,normal,"The person appears to be standing normally on the escalator steps, and there is no visible indication of a fall, such as a person lying on the ground or an object scattered around."
2658843,frame_4383.jpg,0,100,normal,"The person appears to be standing normally on the escalator steps, with no signs of a fall or stumble."
2658843,frame_4388.jpg,0,100,normal,"The person appears to be standing normally on the escalator steps, with no visible signs of a fall or distress."
2658843,frame_4393.jpg,0,100,normal,The person is holding onto the handrail and appears to be standing normally on the escalator steps.
2658843,frame_4398.jpg,0,100,normal,The person is holding onto the handrail and appears to be standing normally on the escalator steps.
2658843,frame_4403.jpg,0,100,normal,The person is holding onto the handrail and appears to be standing normally on the escalator steps. There is no indication of a fall or any other incident.
2658843,frame_4408.jpg,0,100,normal,The person is holding onto the handrail and appears to be standing normally on the escalator steps. There is no indication of a fall or any unusual position that would suggest a fall has occurred.
2658843,frame_4413.jpg,0,100,normal,The person is holding onto the handrail and appears to be standing normally on the escalator steps. There is no indication of a fall or any unusual position that would suggest a fall has occurred.
2658843,frame_4418.jpg,0,100,normal,The person is holding onto the handrail and appears to be standing normally on the escalator steps. There is no indication of a fall or any unusual position that would suggest a fall has occurred.
2658843,frame_4423.jpg,0,100,normal,The person is holding onto the handrail and appears to be standing normally on the escalator steps. There is no indication of any loss of balance or fall.
2658843,frame_4428.jpg,0,100,normal,"The person is standing on the escalator steps, holding onto the handrail, and there is no indication of any loss of balance or movement that would suggest a fall."
2658843,frame_4433.jpg,0,100,normal,The person is holding onto the handrail and appears to be standing normally on the escalator steps. There is no indication of a fall or any other incident.
2658843,frame_4438.jpg,0,100,normal,"The person is standing on the escalator steps, holding onto the handrail, and there is no indication of any loss of balance or fall."
2658843,frame_4443.jpg,0,100,normal,The person is holding onto the handrail and appears to be standing normally on the escalator steps. There is no indication of a fall or any unusual position that would suggest a fall has occurred.
2658843,frame_4448.jpg,0,100,normal,The person is holding onto the handrail and appears to be standing normally on the escalator steps. There is no indication of a fall or any unusual position that would suggest a fall has occurred.
2658843,frame_4453.jpg,0,100,normal,The person is holding onto the handrail and appears to be standing normally on the escalator steps. There is no indication of a fall or any other incident.
2658843,frame_4458.jpg,0,100,normal,"The person is standing on the escalator steps, holding onto the handrail, and there is no indication of any loss of balance or movement that would suggest a fall."
2658843,frame_4463.jpg,0,100,normal,"The person is standing on the escalator steps, holding onto the handrail, and there is no indication of any loss of balance or movement that would suggest a fall."
2658843,frame_4468.jpg,0,100,normal,"The person is standing upright and holding onto the handrail, which suggests they are using the escalator safely. There are no visible signs of a fall, such as the person being on the ground or in an unusual position."
2658843,frame_4473.jpg,0,100,normal,"The person is standing on the escalator steps, holding onto the handrail, and there is no indication of any loss of balance or movement that would suggest a fall."
2658843,frame_4478.jpg,0,100,normal,The person is holding onto the handrail and appears to be standing normally on the escalator steps. There is no indication of any loss of balance or other factors that would suggest a fall.
2658843,frame_4483.jpg,0,100,normal,The person is holding onto the handrail and appears to be standing normally on the escalator steps. There is no indication of any loss of balance or fall.
2658843,frame_4488.jpg,0,100,normal,"The person is holding onto the handrail and appears to be standing normally on the escalator steps. There are no visible signs of a fall, such as the person being on the ground or in an unusual position."
2658843,frame_4493.jpg,0,100,normal,"The person is holding onto the handrail and appears to be standing normally on the escalator steps. There are no visible signs of a fall, such as the person being on the ground or in an unusual position."
2658843,frame_4498.jpg,0,100,normal,"The person is holding onto the handrail and appears to be standing normally on the escalator steps. There are no visible signs of a fall, such as the person being on the ground or in an unusual position."
2658843,frame_4503.jpg,0,100,normal,The person is holding onto the handrail and appears to be standing normally on the escalator steps. There is no indication of any loss of balance or fall.
2658843,frame_4508.jpg,0,100,normal,The person is holding onto the handrail and appears to be standing normally on the escalator steps. There is no indication of any loss of balance or fall.
2658843,frame_4513.jpg,0,100,normal,The person is holding onto the handrail and appears to be standing normally on the escalator steps. There is no indication of a fall or any unusual position that would suggest a fall has occurred.
2658843,frame_4518.jpg,0,100,normal,"The person is holding onto the handrail and appears to be standing normally on the escalator steps. There are no visible signs of a fall, such as the person being on the ground or in an unusual position."
2658843,frame_4523.jpg,0,100,normal,"The person is standing upright and holding onto the handrail, indicating they are not in a position that suggests they have fallen."
2658843,frame_4528.jpg,0,100,normal,The person is holding onto the handrail and appears to be standing normally on the escalator steps. There is no visible indication of a fall or any other incident.
2658843,frame_4533.jpg,0,100,normal,"The person is standing on the escalator steps, holding onto the handrail, and there is no indication of any loss of balance or fall."
2658843,frame_4538.jpg,0,100,normal,The person is holding onto the handrail and appears to be standing normally on the escalator steps. There is no visible indication of a fall or any other incident.
2658843,frame_4543.jpg,0,100,normal,"The person is holding onto the handrail and appears to be standing normally on the escalator, indicating no signs of a fall."
2658843,frame_4548.jpg,0,100,normal,"The image shows a person standing on the escalator steps, which appear to be functioning normally without any visible signs of malfunction or obstruction. There are no indications of a fall having occurred."
2658843,frame_4553.jpg,0,100,normal,"The image shows a person standing on the escalator steps, which appear to be functioning normally without any visible obstructions or malfunctions that would typically lead to a fall."
2658845,frame_4043.jpg,0,100,normal,The person is standing upright and appears to be using the escalator normally without any signs of distress or imbalance.
2658845,frame_4047.jpg,0,100,normal,"The image shows a person standing upright and moving normally on the escalator, with no signs of a fall or any unusual activity."
2658845,frame_4052.jpg,0,100,normal,"The image shows a person using the escalator normally without any signs of a fall or accident. The escalator appears to be functioning properly, and the person is standing upright."
2658845,frame_4057.jpg,0,100,normal,The person is standing upright and appears to be using the escalator normally without any signs of distress or imbalance.
2658845,frame_4062.jpg,0,100,normal,The person is standing upright and appears to be using the escalator normally without any signs of distress or imbalance.
2658845,frame_4067.jpg,0,100,normal,"The image shows a person standing on the escalator steps, which is a normal and safe position. There are no signs of a fall, such as a person lying on the ground or an overturned escalator."
2658845,frame_4072.jpg,0,100,normal,The person is standing upright and appears to be using the escalator normally without any signs of distress or imbalance.
2658845,frame_4077.jpg,50,80,fallOnEscalator,"The person is standing sideways on the escalator, which is not a safe position. This could increase the risk of a fall, but without additional context, it's not certain."
2658845,frame_4082.jpg,50,80,fallOnEscalator,"The person is lying on the escalator, which suggests they may have fallen. However, without additional context, it's not possible to determine the exact cause."
2658845,frame_4087.jpg,80,90,fallOnEscalator,"The person appears to be in a position that suggests they have lost balance or control, which is common in falls on escalators. The image shows the person in a dynamic, potentially unstable position, which supports the likelihood of a fall."
2658845,frame_4092.jpg,80,90,fallOnEscalator,"The person is lying on the escalator steps, which is a common position for someone who has fallen. The escalator is stationary, and there are no visible signs of movement, which suggests that the person may have intentionally stopped the escalator to avoid further injury."
2658845,frame_4097.jpg,80,90,fallOnEscalator,"The person is lying on the escalator steps, which is a common position for someone who has fallen. The escalator is not in motion, which could indicate that it has stopped after the fall."
2658845,frame_4102.jpg,90,95,fallOnEscalator,"The image shows a person lying on the escalator steps, which strongly suggests they have fallen. The position and context strongly indicate an accident."
2658845,frame_4107.jpg,80,90,fallOnEscalator,"The image shows a person lying on an escalator, which suggests they may have fallen. The presence of a person in a prone position on the escalator steps is a strong indicator of a fall."
2658845,frame_4112.jpg,80,90,fallOnEscalator,"The image shows a person lying on the escalator steps, which suggests they may have fallen. The presence of a person in a prone position on the escalator is a strong indicator of a fall."
2658845,frame_4117.jpg,80,90,fallOnEscalator,"The image shows a person lying on an escalator, which is a common scenario when someone has fallen. The person's position and the context strongly suggest an incident of falling on the escalator."
2658845,frame_4122.jpg,80,90,fallOnEscalator,"The image shows a person lying on an escalator, which suggests they may have fallen. The escalator is not in motion, and the person's position is consistent with someone who has experienced a fall."
2658845,frame_4127.jpg,0,100,normal,"The escalator is in operation with a person standing on it, and there are no visible signs of a fall or emergency. The area appears to be well-maintained and safe."
2658845,frame_4132.jpg,0,100,normal,"The image shows a person standing on the escalator, not in a position that suggests a fall has occurred. The escalator appears to be functioning normally, and there are no visible signs of an accident."
2658845,frame_4137.jpg,0,100,normal,"The escalator is in operation with a person standing on it, and there are no visible signs of a fall or any obstructions that would cause a fall. The area appears to be well-maintained and safe."
2658845,frame_4142.jpg,0,100,normal,"The image shows a person standing on the escalator, and there are no visible signs of a fall or any disarray that would indicate an accident. The escalator appears to be functioning normally."
2658845,frame_4147.jpg,0,100,normal,"The escalator appears to be functioning normally with no visible obstructions or people in distress. The area is clean and well-maintained, suggesting a safe environment."
2658845,frame_4152.jpg,0,100,normal,"The escalator appears to be functioning normally with no visible obstructions or people in distress. The area is clean and well-maintained, suggesting a safe environment."
2658845,frame_4157.jpg,0,100,normal,"The escalator appears to be functioning normally with no visible obstructions or people in distress. The area is clean and well-maintained, suggesting a safe environment."
2658845,frame_4162.jpg,0,100,normal,"The escalator appears to be functioning normally with no visible obstructions or people in distress. The area is clean and well-maintained, suggesting a safe environment."
2658845,frame_4167.jpg,0,100,normal,"The image shows a person standing on the escalator, and there are no visible signs of a fall or any disarray that would indicate an accident. The escalator appears to be functioning normally."
2658845,frame_4172.jpg,0,100,normal,"The image shows a person standing on the escalator, and there are no visible signs of a fall or any disarray that would indicate an accident. The escalator appears to be functioning normally."
2658845,frame_4177.jpg,0,100,normal,"The image shows a person standing on the escalator, and there are no visible signs of a fall or any disarray that would indicate an accident. The escalator appears to be functioning normally."
2658845,frame_4182.jpg,0,100,normal,"The escalator appears to be functioning normally with no visible obstructions or people in distress. The person is standing upright, and there are no signs of a fall."
2658927,frame_4241.jpg,0,100,normal,The escalator appears to be functioning normally with people using it safely. There are no visible signs of a fall or any obstructions that would indicate a hazard.
2658927,frame_4245.jpg,0,100,normal,"The escalator appears to be functioning normally with no visible obstructions or people in distress. The area is clean and well-maintained, suggesting a safe environment."
2658927,frame_4250.jpg,0,100,normal,"The escalator appears to be functioning normally with no visible obstructions or people in distress. The area is clean and well-maintained, suggesting a safe environment."
2658927,frame_4255.jpg,0,100,normal,The image shows people using the escalator normally without any visible signs of a fall or accident.
2658927,frame_4260.jpg,0,100,normal,The image shows people using the escalator normally without any visible signs of a fall or accident.
2658927,frame_4265.jpg,10,80,normal,"The person on the escalator appears to be standing normally, and there are no visible signs of distress or an accident. The escalator is functioning smoothly, and the surroundings do not indicate any unusual activity."
2658927,frame_4270.jpg,50,80,fallOnEscalator,"The person on the escalator appears to be bent over, which could indicate a fall. However, without additional context or movement, it's not certain."
2658927,frame_4275.jpg,80,85,fallOnEscalator,"The person on the escalator appears to be in an unusual position, bent over and possibly struggling, which suggests they may have fallen. However, without additional context, it's not possible to be certain."
2658927,frame_4280.jpg,80,85,fallOnEscalator,"The person is bent over on the escalator steps, which suggests they may have lost balance or fallen. The position is consistent with someone who has experienced a fall."
2658927,frame_4285.jpg,80,85,fallOnEscalator,"The person is on their hands and knees on the escalator, which suggests they may have fallen. However, they are not in a position that clearly indicates a fall, such as lying flat or being in a more vulnerable position."
2658927,frame_4290.jpg,80,90,fallOnEscalator,"The person appears to be in a position that suggests they may have lost balance or control, which is a common cause of falls on escalators."
2658927,frame_4295.jpg,80,85,fallOnEscalator,"The person is lying on the escalator steps, which suggests they may have fallen. The position and the fact that they are not standing or moving indicate a higher likelihood of a fall."
2658927,frame_4300.jpg,80,85,fallOnEscalator,"The person appears to be in a precarious position on the escalator steps, which suggests a higher likelihood of a fall. The escalator is in motion, and the person's posture indicates they may not have intended to be there."
2658927,frame_4305.jpg,80,85,fallOnEscalator,"The person appears to be in a position that suggests they may have lost balance or control, which is a common cause of falls on escalators."
2658927,frame_4310.jpg,10,80,normal,"The image shows a person sitting on the escalator steps, which could indicate a fall. However, the person appears to be sitting rather than having fallen, and there are no visible signs of distress or injury. The escalator is in operation, and the person seems to be in control."
2658927,frame_4315.jpg,10,80,normal,"The image shows a person on the escalator, but there are no visible signs of distress or an accident. The person appears to be standing normally."
2658927,frame_4320.jpg,50,80,fallOnEscalator,"The image shows a person on the escalator who appears to be in a position that could suggest a fall, but without additional context, it's not definitive."
2658927,frame_4325.jpg,50,80,fallOnEscalator,"The person on the escalator appears to be in a dynamic position, possibly slipping or falling, which suggests a higher likelihood of a fall. However, without additional context or a clearer view of the person's condition, the probability is estimated conservatively."
2658927,frame_4330.jpg,80,85,fallOnEscalator,"The person is bent over and appears to be in a position that suggests they may have fallen or are struggling to get up. The escalator is stationary, which reduces the likelihood of a fall due to movement, but the person's posture indicates a potential issue."
2658927,frame_4335.jpg,50,80,fallOnEscalator,"The image shows a person lying on an escalator, which suggests a possible fall. However, without additional context, it's not possible to determine the exact cause."
2658927,frame_4340.jpg,10,80,normal,"The person on the escalator appears to be standing normally, and there are no visible signs of a fall, such as people lying on the ground or objects scattered."
2658927,frame_4345.jpg,50,80,fallOnEscalator,"The person is in a position that suggests they might have lost balance, but it's not clear if they have actually fallen. The escalator is stationary, and there are no visible signs of a fall."
2658927,frame_4350.jpg,10,80,normal,"The person appears to be standing normally on the escalator, and there are no visible signs of a fall, such as a person lying on the ground or an overturned stroller."
2658927,frame_4355.jpg,0,100,normal,"The escalator appears to be functioning normally with no visible obstructions or people in distress. The person on the escalator is standing upright, indicating no fall has occurred."
2658927,frame_4360.jpg,0,100,normal,"The escalator appears to be functioning normally with no visible obstructions or people in distress. The person on the escalator is standing upright, indicating no fall has occurred."
2658927,frame_4365.jpg,0,100,normal,"The escalator appears to be functioning normally with no visible obstructions or people in distress. The area is clean and well-maintained, suggesting a safe environment."
2658927,frame_4370.jpg,0,100,normal,"The escalator appears to be functioning normally with no visible obstructions or people in distress. The person on the escalator is standing upright, indicating no fall has occurred."
2658927,frame_4375.jpg,0,100,normal,"The escalator appears to be functioning normally with no visible obstructions or people in distress. The area is clean and well-maintained, suggesting a safe environment."
2658927,frame_4380.jpg,0,100,normal,"The escalator appears to be functioning normally with no visible obstructions or people in distress. The area is clean and well-maintained, suggesting a safe environment."
2658927,frame_4385.jpg,0,100,normal,"The escalator appears to be functioning normally with no visible obstructions or people in distress. The area is clean and well-maintained, suggesting a safe environment."
2658927,frame_4390.jpg,0,100,normal,"The escalator appears to be functioning normally with no visible obstructions or people in distress. The area is clean and well-maintained, suggesting a safe environment."
2658984,frame_4288.jpg,0,100,normal,"The escalator appears to be functioning normally with no visible obstructions or people in distress. The person on the escalator is standing upright, and there are no signs of a fall."
2658984,frame_4292.jpg,0,100,normal,The escalator appears to be functioning normally with no visible obstructions or people in distress. The individuals on the escalator are standing upright and moving steadily.
2658984,frame_4297.jpg,0,100,normal,"The escalator appears to be functioning normally with no visible obstructions or people in distress. The person on the escalator is standing upright, and there are no signs of a fall."
2658984,frame_4302.jpg,0,100,normal,The escalator appears to be functioning normally with no visible obstructions or people in distress. The person on the escalator is standing upright and moving steadily.
2658984,frame_4307.jpg,0,100,normal,"The image shows a person standing on the escalator steps, which appear to be functioning normally without any visible obstructions or malfunctions. There is no indication of a fall or any unusual activity that would suggest someone has fallen."
2658984,frame_4312.jpg,0,100,normal,"The escalator appears to be functioning normally with no visible obstructions or people in distress. The person on the escalator is standing upright, and there are no signs of a fall."
2658984,frame_4317.jpg,10,80,normal,"The person appears to be standing normally on the escalator, and there are no visible signs of a fall, such as a person lying on the ground or an overturned bag."
2658984,frame_4322.jpg,0,100,normal,"The escalator appears to be functioning normally with no visible obstructions or people in distress. The person on the escalator is standing upright, indicating no immediate risk of a fall."
2658984,frame_4327.jpg,10,80,normal,"The person appears to be standing normally on the escalator, and there is no visible indication of a fall. However, without additional context, it's difficult to be certain."
2658984,frame_4332.jpg,0,100,normal,"The escalator appears to be functioning normally with no visible obstructions or people in distress. The person on the escalator is standing upright, indicating no immediate risk of a fall."
2658984,frame_4337.jpg,0,100,normal,"The image shows a person standing on the escalator steps, which indicates they are using it properly. There are no signs of a fall or any unusual positioning that would suggest a fall has occurred."
2658984,frame_4342.jpg,0,100,normal,"The escalator appears to be functioning normally with no visible obstructions or people in distress. The person on the escalator is standing upright, and there are no signs of a fall."
2658984,frame_4347.jpg,0,100,normal,"The escalator appears to be functioning normally with no visible obstructions or people in distress. The person on the escalator is standing upright, indicating no immediate risk of a fall."
2658984,frame_4352.jpg,0,100,normal,"The escalator appears to be functioning normally with no visible obstructions or people in distress. The person on the escalator is standing upright, indicating no immediate risk of a fall."
2658996,frame_4163.jpg,0,100,normal,"The person is standing on the escalator steps, holding onto the handrail, and there is no indication of any loss of balance or control."
2658996,frame_4167.jpg,0,100,normal,"The person appears to be standing normally on the escalator, with no signs of a fall."
2658996,frame_4172.jpg,0,100,normal,"The person is standing on the escalator steps, holding onto the handrail, and there is no indication of any loss of balance or fall."
2658996,frame_4177.jpg,50,80,fallOnEscalator,"The person is holding onto the handrail, which suggests they are trying to maintain balance, but the image does not provide enough context to definitively determine if they have fallen."
2658996,frame_4182.jpg,80,85,fallOnEscalator,"The person is reaching out to the handrail, which suggests they may have lost balance or are in a precarious position on the escalator."
2658996,frame_4187.jpg,80,85,fallOnEscalator,"The person is reaching out to the handrail, which suggests they may have lost balance or are in a precarious position on the escalator."
2658996,frame_4192.jpg,80,90,fallOnEscalator,"The person appears to be hanging onto the handrail, which suggests they may have lost balance or are in a precarious position, increasing the likelihood of a fall."
2658996,frame_4197.jpg,90,85,fallOnEscalator,"The person appears to be hanging off the side of the escalator, which is a common precursor to a fall. The angle and position suggest a loss of balance or control."
2658996,frame_4202.jpg,50,80,fallOnEscalator,"The image shows a person in a blue garment on the escalator steps, which could suggest they have fallen. However, without additional context or motion, it's not definitive."
2658996,frame_4207.jpg,0,100,normal,"The person is standing on the escalator steps, holding onto the handrail, and there is no indication of any loss of balance or control."
2658996,frame_4212.jpg,50,80,fallOnEscalator,"The person appears to be reaching out to the handrail, which could indicate a loss of balance. However, there is no clear indication of a fall, so the probability is moderate."
2658996,frame_4217.jpg,0,100,normal,"The person is holding onto the handrail, which suggests they are using the escalator safely. There is no visible indication of a fall or any other incident."
2658996,frame_4222.jpg,50,80,fallOnEscalator,"The person is reaching out to the handrail, which could indicate a loss of balance, but there is no clear evidence of a fall."
2658996,frame_4227.jpg,80,85,fallOnEscalator,"The person is in a position that suggests they may have lost balance or are attempting to regain stability, which is common in situations where someone has fallen on an escalator."
2658996,frame_4232.jpg,0,100,normal,The person is holding onto the handrail and appears to be standing normally on the escalator steps. There is no indication of a fall or any unusual position that would suggest a fall has occurred.
2658996,frame_4237.jpg,80,90,fallOnEscalator,"The person is leaning over the side of the escalator, which suggests a loss of balance or an attempt to reach something, increasing the likelihood of a fall."
2658996,frame_4242.jpg,80,85,fallOnEscalator,"The person is leaning forward with one hand on the handrail, which suggests they might be losing balance. However, there is no clear indication of a fall, so the probability is not 100."
2658996,frame_4247.jpg,80,90,fallOnEscalator,"The person is leaning forward with one hand on the handrail, which suggests they might be losing balance. The position and posture indicate a higher likelihood of a fall."
2658996,frame_4252.jpg,80,85,fallOnEscalator,"The person is bent over and appears to be reaching for something on the escalator steps, which suggests they may have lost balance or are in the process of falling. The position and posture indicate a higher likelihood of a fall."
2658996,frame_4257.jpg,80,85,fallOnEscalator,"The person is bent over, which could indicate they have lost balance or are in the process of falling. The position and the context of the escalator suggest a higher likelihood of a fall."
2658996,frame_4262.jpg,80,85,fallOnEscalator,"The person is leaning forward with one hand on the handrail, which suggests they might be losing balance. However, they are not in a position that clearly indicates a fall has occurred."
2658996,frame_4267.jpg,50,80,fallOnEscalator,"The person is holding onto the handrail, which suggests they are trying to stabilize themselves, possibly indicating a risk of falling. However, there is no clear indication of a fall having already occurred."
2658996,frame_4272.jpg,80,90,fallOnEscalator,"The person is leaning forward with one hand on the handrail, which suggests they might be losing balance. However, they are not in a position that clearly indicates a fall has occurred."
2658996,frame_4277.jpg,80,90,fallOnEscalator,"The person is leaning forward and holding onto the handrail, which suggests they might be losing balance. The position and posture indicate a higher likelihood of a fall."
2658996,frame_4282.jpg,50,80,fallOnEscalator,"The person is holding onto the handrail, which suggests they are trying to stabilize themselves, possibly indicating a risk of falling. However, there is no clear indication of a fall having already occurred."
2658996,frame_4287.jpg,50,80,fallOnEscalator,"The person is holding onto the handrail, which suggests they are trying to stabilize themselves, possibly indicating a risk of falling. However, there is no clear indication of a fall having already occurred."
2658996,frame_4292.jpg,50,80,fallOnEscalator,"The person is holding onto the handrail, which suggests they might be trying to stabilize themselves, possibly after a slip or misstep. However, without additional context, it's not possible to determine with certainty if they have actually fallen."
2658996,frame_4297.jpg,50,80,fallOnEscalator,"The person is holding onto the handrail, which suggests they are trying to maintain balance, possibly indicating a risk of falling. However, there is no clear indication of a fall having already occurred."
2658996,frame_4302.jpg,0,100,normal,The person is holding onto the handrail and appears to be standing normally on the escalator steps. There is no indication of a fall or any other incident.
2658996,frame_4307.jpg,0,100,normal,"The person is holding onto the handrail and appears to be standing normally on the escalator, indicating they have not fallen."
2658996,frame_4312.jpg,0,100,normal,"The person is holding onto the handrail, which suggests they are using the escalator safely. There is no visible indication of a fall or any other incident."
2658996,frame_4317.jpg,80,85,fallOnEscalator,"The person's posture and hand placement suggest they are in the process of losing balance, which is a common precursor to a fall on an escalator."
2659027,frame_4384.jpg,0,100,normal,"The image shows people using the escalator safely, with no visible signs of a fall or any unusual activity that would indicate a fall has occurred."
2659027,frame_4388.jpg,0,100,normal,"The image shows people standing on the escalator steps, which indicates they are using it properly. There are no visible signs of a fall or any unusual behavior that would suggest someone has fallen."
2659027,frame_4393.jpg,0,100,normal,"The image shows two people standing on the escalator steps, which appear to be functioning normally without any visible signs of malfunction or obstruction. There are no indications of a fall having occurred."
2659027,frame_4398.jpg,0,100,normal,The image shows people using the escalator normally without any visible signs of a fall or accident.
2659027,frame_4403.jpg,50,80,fallOnEscalator,"The image shows a person near the edge of an escalator, which could suggest a risk of falling. However, there is no clear indication of a fall having occurred, such as a person on the ground or visible damage."
2659027,frame_4408.jpg,80,85,fallOnEscalator,"The person appears to be in a position that suggests they may have stumbled or fallen, as they are not standing upright and are near the edge of the escalator steps."
2659027,frame_4413.jpg,0,100,normal,"The image shows a person standing on the escalator steps, which indicates they are using it properly. There are no signs of a fall, such as someone lying on the ground or an object scattered around. The person appears to be in a normal, upright position, suggesting they are not in a situation where they have fallen."
2659027,frame_4418.jpg,0,100,normal,"The person is standing on the escalator steps, which is a normal and safe position. There are no visible signs of a fall, such as the person lying on the ground or any disarray."
2659027,frame_4423.jpg,0,100,normal,"The person is standing on the escalator steps, which is a normal and safe position. There is no indication of any fall or accident."
2659027,frame_4428.jpg,10,80,normal,"The person appears to be standing normally on the escalator steps, and there is no visible indication of a fall, such as a person lying on the ground or an object scattered around."
2659027,frame_4433.jpg,10,80,normal,"The person appears to be standing normally on the escalator steps, and there is no visible indication of a fall, such as a person lying on the ground or an object scattered around."
2659027,frame_4438.jpg,80,90,fallOnEscalator,"The person is sitting on the escalator steps, which is an unusual position for someone using an escalator. This suggests they may have lost balance or fallen."
2659027,frame_4443.jpg,0,100,normal,"The image shows people standing and walking on the escalator steps, which appear to be functioning normally without any visible signs of a fall or accident."
2659027,frame_4448.jpg,80,90,fallOnEscalator,The person in the blue jacket appears to be in a position that suggests they have fallen or are in the process of falling on the escalator. The posture and the position relative to the escalator steps support this observation.
2659027,frame_4453.jpg,80,90,fallOnEscalator,"The person in the blue jacket appears to be on their hands and knees, which is a common position after a fall. The other person's posture and the context of the escalator suggest a possible incident."
2659027,frame_4458.jpg,80,85,fallOnEscalator,The person in the blue jacket appears to be in a position that suggests they may have fallen or are struggling to get up on the escalator. The posture and the hand placement on the escalator steps are indicative of a fall or difficulty maintaining balance.
2659027,frame_4463.jpg,80,85,fallOnEscalator,"The person is on their hands and knees, which is a common position after a fall. The escalator's handrail and steps are visible, indicating they are on an escalator."
2659027,frame_4468.jpg,80,90,fallOnEscalator,The person is bent over and appears to be in a position that suggests they may have fallen or are in the process of getting up from an escalator.
2659027,frame_4473.jpg,80,90,fallOnEscalator,"The person is on their hands and knees, which is a common position after a fall. The escalator's edge and the person's posture suggest they may have lost balance."
2659027,frame_4478.jpg,80,85,fallOnEscalator,The person is bent over and appears to be in a position that suggests they may have fallen or are in the process of getting up from an escalator. The posture and the context of the escalator environment support this interpretation.
2659027,frame_4483.jpg,80,90,fallOnEscalator,The person is bent over and appears to be in a position that suggests they may have fallen or are recovering from a fall. The context of the escalator and the posture of the individual support this interpretation.
2659027,frame_4488.jpg,80,90,fallOnEscalator,The person is bent over and appears to be in a position that suggests they may have lost balance or fallen. The context of the escalator and the posture of the individual support this interpretation.
2659027,frame_4493.jpg,80,90,fallOnEscalator,The person is bent over and appears to be in a position that suggests they may have fallen or are in the process of getting up from a fall. The context of the escalator and the person's posture support this interpretation.
2659027,frame_4498.jpg,80,90,fallOnEscalator,The person is bent over and appears to be in a position that suggests they may have stumbled or fallen. The posture and the context of being on an escalator increase the likelihood of a fall.
2659027,frame_4503.jpg,0,100,normal,"The person appears to be standing normally on the escalator steps, with no visible signs of a fall or distress."
2659027,frame_4508.jpg,50,80,fallOnEscalator,"The person appears to be bending over, which could indicate they have fallen or are in the process of getting up. However, without additional context, it's not possible to determine with certainty."
2659027,frame_4513.jpg,0,100,normal,"The person is standing on the escalator steps, which is a normal and safe position. There is no indication of a fall or any other unsafe behavior."
2659027,frame_4518.jpg,0,100,normal,"The person is standing on the escalator steps, holding onto the handrail, and there is no indication of any fall or loss of balance."
2659027,frame_4523.jpg,0,100,normal,"The person appears to be standing normally on the escalator steps, with no visible signs of a fall or distress."
2659027,frame_4528.jpg,0,100,normal,"The person appears to be standing normally on the escalator steps, with no visible signs of a fall or distress."
2659027,frame_4533.jpg,0,100,normal,"The person appears to be standing normally on the escalator steps, with no signs of a fall or distress."
2659027,frame_4538.jpg,0,100,normal,"The person appears to be standing normally on the escalator, with no visible signs of a fall or distress."
2659027,frame_4543.jpg,0,100,normal,"The person appears to be standing normally on the escalator steps, with no signs of a fall or any unusual posture that would indicate a fall has occurred."
2659027,frame_4548.jpg,0,100,normal,"The person appears to be standing normally on the escalator, with no signs of a fall."
2659027,frame_4553.jpg,0,100,normal,"The person is standing on the escalator steps, holding onto the handrail, and there is no indication of any fall or loss of balance."
2659027,frame_4558.jpg,0,100,normal,"The person is standing on the escalator steps, not showing any signs of having fallen."
2659027,frame_4563.jpg,0,100,normal,"The person appears to be standing normally on the escalator steps, with no visible signs of a fall or distress."
2659027,frame_4568.jpg,0,100,normal,"The person appears to be standing normally on the escalator steps, with no visible signs of a fall or distress."
2659027,frame_4573.jpg,0,100,normal,"The person is standing on the escalator steps, not showing any signs of a fall."
2659027,frame_4578.jpg,0,100,normal,"The person appears to be standing normally on the escalator, with no visible signs of a fall or distress."
2659027,frame_4583.jpg,50,80,fallOnEscalator,"The person appears to be standing on the escalator steps, but their posture and hand placement suggest they might be in a precarious position, which could indicate a potential fall. However, without additional context or movement, it's difficult to determine the exact likelihood."
2659027,frame_4588.jpg,10,80,normal,"The person appears to be standing normally on the escalator, with no visible signs of distress or an accident."
2659027,frame_4593.jpg,0,100,normal,"The person appears to be standing normally on the escalator, with no visible signs of a fall or distress."
2659027,frame_4598.jpg,0,100,normal,The person is holding onto the handrail and appears to be standing normally on the escalator steps. There is no visible indication of a fall or any other incident.
2659027,frame_4603.jpg,0,100,normal,The person is holding onto the handrail and appears to be standing normally on the escalator steps. There is no visible indication of a fall or any other incident.
2659027,frame_4608.jpg,0,100,normal,The person is holding onto the handrail and appears to be standing normally on the escalator steps. There is no visible indication of a fall or any other incident.
2659027,frame_4613.jpg,10,90,normal,The person appears to be holding onto the handrail and is not showing signs of distress or imbalance. The escalator seems to be functioning normally.
2659027,frame_4618.jpg,0,100,normal,The person is holding onto the handrail and appears to be moving normally on the escalator. There is no indication of a fall or any unusual behavior.
2659030,frame_4280.jpg,0,100,normal,"The person is standing upright and holding onto the handrail, indicating they are using the escalator safely. There are no visible signs of a fall or any unusual behavior."
2659030,frame_4285.jpg,0,100,normal,"The person is standing upright and holding onto the handrail, indicating they are using the escalator safely. There are no visible signs of a fall or any unusual behavior."
2659030,frame_4290.jpg,0,100,normal,"The person is standing on the escalator steps, holding onto the handrail, and there is no indication of any loss of balance or control."
2659030,frame_4295.jpg,0,100,normal,"The person appears to be standing normally on the escalator, with no signs of a fall."
2659030,frame_4300.jpg,50,80,fallOnEscalator,"The person appears to be leaning forward, which could suggest a loss of balance, but there is no clear indication of a fall. The escalator seems to be functioning normally."
2659030,frame_4305.jpg,10,80,normal,"The person appears to be standing normally on the escalator steps, and there is no visible indication of a fall. However, without additional context, it's difficult to be completely certain."
2659030,frame_4310.jpg,0,100,normal,The person is standing upright and appears to be using the escalator normally without any signs of a fall.
2659030,frame_4315.jpg,50,80,fallOnEscalator,"The person appears to be leaning back with one hand on the handrail, which could suggest a loss of balance. However, without additional context, it's not possible to definitively determine if a fall has occurred."
2659030,frame_4320.jpg,0,100,normal,"The person appears to be standing normally on the escalator, with no signs of a fall or distress."
2659030,frame_4325.jpg,0,100,normal,"The person is standing upright and appears to be moving normally on the escalator, with no signs of a fall."
2659030,frame_4330.jpg,0,100,normal,The person is standing upright and appears to be using the escalator normally without any signs of distress or imbalance.
2659030,frame_4335.jpg,0,100,normal,"The person appears to be standing normally on the escalator, with no signs of a fall."
2659030,frame_4340.jpg,0,100,normal,"The person appears to be standing normally on the escalator, with no signs of a fall."
2659030,frame_4345.jpg,0,100,normal,"The person appears to be standing normally on the escalator steps, with no signs of a fall or any unusual posture that would indicate a fall has occurred."
2659030,frame_4350.jpg,0,100,normal,"The person appears to be standing normally on the escalator, with no signs of a fall."
2659030,frame_4355.jpg,0,100,normal,"The person appears to be standing normally on the escalator, with no signs of a fall or distress."
2659030,frame_4360.jpg,50,80,fallOnEscalator,"The person appears to be in a position that could suggest they have fallen, but without additional context, it's not possible to determine with certainty."
2659030,frame_4365.jpg,0,100,normal,"The person appears to be standing normally on the escalator, with no signs of a fall."
2659030,frame_4370.jpg,50,80,fallOnEscalator,"The person appears to be bending over, which could indicate a fall, but without additional context, it's uncertain."
2659030,frame_4375.jpg,50,80,fallOnEscalator,"The person appears to be in a precarious position, leaning back with one hand on the escalator handrail, which could suggest a loss of balance. However, without additional context, it's not possible to definitively determine if a fall has occurred."
2659030,frame_4380.jpg,80,85,fallOnEscalator,"The person appears to be in a position that suggests they may have lost balance or control, which is a common scenario for falls on escalators."
2659030,frame_4385.jpg,50,80,fallOnEscalator,"The person appears to be in a precarious position, leaning back with one hand on the escalator handrail, which could suggest a loss of balance. However, there is no clear indication of a fall, as the person seems to be in control."
2659030,frame_4390.jpg,80,85,fallOnEscalator,"The person appears to be in a precarious position, leaning back with one arm extended, which suggests a loss of balance. The escalator's motion and the person's posture indicate a higher likelihood of a fall."
2659030,frame_4395.jpg,80,90,fallOnEscalator,"The person appears to be in a precarious position, leaning back with one hand on the escalator handrail, which suggests they might have lost balance or are struggling to maintain it. The escalator's motion and the person's posture increase the likelihood of a fall."
2659030,frame_4400.jpg,10,80,normal,"The person appears to be holding onto the handrail and is not in a position that suggests they are about to fall. However, without additional context, it's difficult to be certain."
2659030,frame_4405.jpg,50,80,fallOnEscalator,"The person appears to be in a precarious position, leaning against the side of the escalator, which could suggest instability. However, there is no clear indication of a fall, such as a person on the ground or visible damage."
2659030,frame_4410.jpg,50,80,fallOnEscalator,"The person appears to be in a precarious position, leaning forward with one hand on the escalator side, which could suggest a loss of balance. However, there is no clear indication of a fall, as the person seems to be in control."
2659030,frame_4415.jpg,80,85,fallOnEscalator,"The person is leaning forward with one hand on the handrail, which suggests they might be losing balance. However, there is no clear indication of a fall, so the probability is not 100."
2659030,frame_4420.jpg,80,85,fallOnEscalator,"The person appears to be in a precarious position, leaning forward with one hand on the escalator steps, which suggests a loss of balance. The escalator's motion and the person's posture increase the likelihood of a fall."
2659030,frame_4425.jpg,80,85,fallOnEscalator,"The person appears to be in a precarious position, leaning forward with one hand on the escalator handrail, which suggests they might have lost balance or are in the process of falling. The escalator's motion and the person's posture indicate a higher likelihood of a fall."
2659048,frame_4465.jpg,0,100,normal,"The image shows a person standing on the escalator steps, which is a normal and safe position. There are no visible signs of a fall, such as someone lying on the ground or an overturned stroller. The escalator appears to be functioning properly with no obstructions or malfunctions."
2659048,frame_4469.jpg,0,100,normal,"The image shows a person standing on the escalator steps, which is a normal and safe position. There are no visible signs of a fall, such as someone lying on the ground or an overturned stroller. The escalator appears to be functioning properly with no obstructions or malfunctions."
2659048,frame_4474.jpg,10,80,normal,"The person appears to be standing normally on the escalator, and there are no visible signs of a fall, such as a person lying on the ground or an overturned stroller."
2659048,frame_4479.jpg,0,100,normal,"The image shows a person standing on the escalator, not in a position that suggests a fall has occurred. The escalator appears to be functioning normally, and there are no visible signs of an accident."
2659048,frame_4484.jpg,80,90,fallOnEscalator,"The person is lying on the escalator steps, which is a common position for someone who has fallen. The escalator is not in motion, suggesting it may have stopped after the fall."
2659048,frame_4489.jpg,50,80,fallOnEscalator,"The image shows a person lying on the escalator, which could indicate a fall. However, without additional context, it's not possible to determine the exact cause."
2659048,frame_4494.jpg,50,80,fallOnEscalator,"The image shows a person on the escalator who appears to be in a position that could suggest a fall, but without additional context, it's not possible to definitively determine the situation."
2659048,frame_4499.jpg,50,80,fallOnEscalator,"The person is lying on the escalator, which suggests they may have fallen. However, without additional context, it's not certain."
2659048,frame_4504.jpg,50,80,fallOnEscalator,"The person is lying on the escalator, which could indicate a fall. However, without additional context, it's not certain."
2659048,frame_4509.jpg,10,80,normal,"The image shows a person lying on the escalator, which suggests they may have fallen. However, the context of the image (e.g., whether the person is moving or stationary) is unclear, so the probability is low."
2659048,frame_4514.jpg,0,100,normal,"The escalator appears to be functioning normally with no visible obstructions or people in distress. The area is clean and well-maintained, suggesting a safe environment."
2659048,frame_4519.jpg,0,100,normal,"The image shows a person standing on an escalator, not in a position that suggests they have fallen. The escalator appears to be functioning normally, and there are no visible signs of an accident."
2659048,frame_4524.jpg,10,80,normal,"The person on the escalator appears to be sitting normally, and there are no visible signs of distress or an accident. The escalator is functioning smoothly, and the surroundings do not indicate any unusual activity."
2659048,frame_4529.jpg,0,100,normal,"The escalator appears to be functioning normally with no visible obstructions or people in distress. The area is clean and well-maintained, suggesting a safe environment."
2659060,frame_4576.jpg,0,100,normal,"The image shows a person using the escalator safely and without any visible signs of a fall or accident. The person is standing upright and holding onto the handrail, which is a standard and safe way to use an escalator."
2659060,frame_4580.jpg,0,100,normal,"The image shows a person using an escalator properly, with no signs of instability or danger. The person is standing upright and holding onto the handrail, which is a safe practice."
2659060,frame_4585.jpg,0,100,normal,"The image shows a person using an escalator properly, with no signs of a fall or any unusual behavior that would indicate a risk of falling. The person is standing upright and holding onto the handrail, which is a safe practice when using escalators."
2659060,frame_4590.jpg,0,100,normal,The person is standing upright and appears to be using the escalator normally without any signs of instability or distress.
2659060,frame_4595.jpg,0,100,normal,"The person is standing upright and holding onto the handrail, which is a safe posture for using an escalator. There are no visible signs of a fall or any other unsafe behavior."
2659060,frame_4600.jpg,10,90,normal,"The person is standing upright and appears to be in control of the suitcase, suggesting they are not in a position to fall."
2659060,frame_4605.jpg,80,90,fallOnEscalator,"The person appears to be in a position that suggests they may have lost balance or control, which is a common cause of falls on escalators."
2659060,frame_4610.jpg,0,100,normal,The person is standing upright and appears to be using the escalator normally without any signs of instability or distress.
2659060,frame_4615.jpg,0,100,normal,The person is standing upright and appears to be using the escalator normally without any signs of a fall.
2659060,frame_4620.jpg,0,100,normal,The person is standing upright and appears to be using the escalator normally without any signs of distress or imbalance.
2659060,frame_4625.jpg,0,100,normal,The person is standing upright and appears to be using the escalator safely. There are no visible signs of a fall or any other incident.
2659060,frame_4630.jpg,0,100,normal,"The person is using the escalator correctly, standing on the steps and holding onto the handrail. There are no signs of instability or loss of balance."
2659060,frame_4635.jpg,0,100,normal,"The person is standing upright and holding onto the handrail, indicating they are using the escalator safely. There are no visible signs of a fall or any other incident."
2659060,frame_4640.jpg,0,100,normal,"The image shows a person using the escalator safely and without any signs of a fall. The person is standing upright and holding onto the handrail, which is typical behavior for using an escalator."
2659060,frame_4645.jpg,0,100,normal,"The person is using the escalator correctly, standing on the steps and holding onto the handrail. There is no indication of any unusual behavior or instability that would suggest a fall is imminent."
2659060,frame_4650.jpg,0,100,normal,"The person is standing upright and holding onto the handrail, indicating they are using the escalator safely."
2659060,frame_4655.jpg,0,100,normal,"The image shows a person using the escalator properly, with no signs of a fall or any unusual activity that would indicate a fall has occurred."
2659060,frame_4660.jpg,0,100,normal,"The image shows a person using the escalator properly with luggage, and there are no visible signs of a fall or any unusual activity that would indicate a fall has occurred."
2659060,frame_4665.jpg,0,100,normal,"The image shows a person using the escalator safely and without any visible signs of a fall. The person is standing upright and holding onto the handrail, which is typical behavior for using an escalator."
2659060,frame_4670.jpg,0,100,normal,"The image shows a person using the escalator normally without any signs of a fall or accident. The person is standing upright and holding onto the handrail, which is typical behavior for safe use."
2659060,frame_4675.jpg,0,100,normal,"The image shows a person using the escalator normally without any signs of a fall, such as a person lying on the ground or an overturned bag."
2659060,frame_4680.jpg,0,100,normal,"The image shows a person using the escalator safely and without any visible signs of a fall or accident. The escalator appears to be functioning normally, and the person is standing upright, which suggests that there is no immediate risk of a fall."
2659060,frame_4685.jpg,0,100,normal,The image shows a person using the escalator normally without any signs of a fall or accident. The person is standing upright and appears to be in control of their luggage.
2659060,frame_4690.jpg,0,100,normal,The image shows a person using the escalator normally without any signs of a fall or accident. The person is standing upright and appears to be in control of their luggage.
2659060,frame_4695.jpg,0,100,normal,The image shows a person using the escalator normally without any signs of a fall or accident.
2659060,frame_4700.jpg,0,100,normal,"The image shows a person using an escalator properly with luggage, and there are no visible signs of a fall or any unusual activity that would suggest a fall has occurred."
2659060,frame_4705.jpg,0,100,normal,"The person is standing upright and holding onto the handrail, indicating they are using the escalator safely."
2659060,frame_4710.jpg,0,100,normal,"The person is standing upright and holding onto the handrail, indicating they are using the escalator safely."
2659060,frame_4715.jpg,0,100,normal,"The image shows a person using the escalator normally without any signs of a fall, such as a person lying on the ground or an overturned bag."
2659060,frame_4720.jpg,0,100,normal,"The image shows a person using the escalator normally without any signs of a fall, such as a person lying on the ground or an object scattered around."
2659060,frame_4725.jpg,0,100,normal,"The image shows a person using the escalator safely and without any visible signs of a fall. The person is standing upright and holding onto the handrail, which is a standard and safe way to use an escalator."
2659060,frame_4730.jpg,0,100,normal,The image shows people using the escalator normally without any visible signs of a fall or accident.
2659060,frame_4735.jpg,0,100,normal,"The image shows a person using the escalator normally without any signs of a fall, such as a person lying on the ground or an object scattered around."
2659060,frame_4740.jpg,0,100,normal,"The image shows a person standing on the escalator steps, which is a normal and safe position. There are no visible signs of a fall, such as people lying on the ground or objects scattered around. The escalator appears to be functioning properly with no visible malfunctions."
2659060,frame_4745.jpg,0,100,normal,"The image shows a person standing on the escalator steps, which is a normal and safe position. There are no signs of a fall, such as people lying on the ground or objects scattered around. The escalator appears to be functioning properly with no visible malfunctions."
2659060,frame_4750.jpg,0,100,normal,"The image shows a person standing on the escalator with a suitcase, and there are no visible signs of a fall or any disarray that would indicate an accident. The escalator appears to be functioning normally."
2659060,frame_4755.jpg,0,100,normal,"The image shows a person using the escalator normally without any signs of a fall or accident. The escalator appears to be functioning properly, and there are no visible obstructions or unusual conditions that would suggest a fall has occurred."
2659060,frame_4760.jpg,0,100,normal,The image shows people using escalators and stairs normally without any visible signs of a fall or accident.
2659060,frame_4765.jpg,0,100,normal,The image shows people using the escalator normally without any visible signs of a fall or accident.
2659060,frame_4770.jpg,0,100,normal,The image shows people using the escalator normally without any visible signs of a fall or accident.
2659060,frame_4775.jpg,0,100,normal,The escalator appears to be functioning normally with no visible obstructions or people in distress. The individuals are using the escalator safely.
2659060,frame_4780.jpg,0,100,normal,The escalator appears to be functioning normally with no visible obstructions or people in distress. The individuals are using the escalator safely.
2659060,frame_4785.jpg,0,100,normal,"The image shows a person standing on the escalator, and there are no visible signs of a fall or any disarray that would indicate an accident. The escalator appears to be functioning normally."
2659060,frame_4790.jpg,0,100,normal,"The image shows a person standing on the escalator with a suitcase, and there are no visible signs of a fall or any disarray that would indicate an accident. The escalator appears to be functioning normally."
2659060,frame_4795.jpg,0,100,normal,The escalator appears to be functioning normally with no visible obstructions or people in distress. The person on the escalator is standing upright and appears to be moving safely.
2659060,frame_4800.jpg,0,100,normal,"The escalator appears to be functioning normally with no visible obstructions or people in distress. The area is clean and well-maintained, suggesting a safe environment."
2659078,frame_4534.jpg,0,100,normal,"The person is standing upright and appears to be using the escalator safely. There are no visible signs of a fall, such as the person lying on the ground or any disarray."
2659078,frame_4538.jpg,0,100,normal,The person is standing upright and appears to be using the escalator safely. There are no visible signs of a fall or any other incident.
2659078,frame_4543.jpg,0,100,normal,The person is standing upright and appears to be using the escalator safely. There are no visible signs of a fall or any other incident.
2659078,frame_4548.jpg,0,100,normal,"The person is standing upright and appears to be using the escalator correctly, with no signs of imbalance or distress."
2659078,frame_4553.jpg,0,100,normal,The person is standing upright and appears to be using the escalator normally without any signs of instability or distress.
2659078,frame_4558.jpg,0,100,normal,"The person is standing upright and appears to be using the escalator correctly, with no signs of imbalance or distress."
2659078,frame_4563.jpg,0,100,normal,The person is standing upright and appears to be using the escalator safely. There are no visible signs of a fall or any unusual behavior.
2659078,frame_4568.jpg,0,100,normal,"The person is standing upright and appears to be using the escalator safely. There are no visible signs of a fall, such as the person lying on the ground or any disarray around them."
2659078,frame_4573.jpg,0,100,normal,"The person is standing upright and appears to be using the escalator safely. There are no visible signs of a fall, such as the person lying on the ground or any disarray around them."
2659078,frame_4578.jpg,0,100,normal,"The person is standing upright and appears to be using the escalator correctly, with no signs of imbalance or distress."
2659078,frame_4583.jpg,0,100,normal,"The person is standing upright and holding onto the handrail, which suggests they are using the escalator safely."
2659078,frame_4588.jpg,0,100,normal,"The person is standing upright and holding onto the handrail, indicating they are using the escalator safely."
2659078,frame_4593.jpg,0,100,normal,"The person is standing upright and appears to be using the escalator correctly, with no signs of a fall."
2659078,frame_4598.jpg,0,100,normal,"The person is standing upright and holding onto the handrail, indicating they are using the escalator safely."
2659078,frame_4603.jpg,0,100,normal,"The image shows a person standing upright on the escalator, holding onto the handrail, and there is no indication of any fall or accident."
2659078,frame_4608.jpg,0,100,normal,"The person is standing upright and holding onto the handrail, indicating they are using the escalator safely."
2659078,frame_4613.jpg,0,100,normal,"The image shows a person standing upright and holding onto the handrail, indicating they are using the escalator safely. There are no signs of a fall or any unusual behavior that would suggest a fall has occurred."
2659078,frame_4618.jpg,0,100,normal,"The person is standing upright and holding onto the handrail, indicating they are using the escalator safely."
2659078,frame_4623.jpg,0,100,normal,"The person is standing upright and holding onto the handrail, indicating they are using the escalator safely."
2659078,frame_4628.jpg,0,100,normal,"The image shows a person standing upright and holding onto the handrail, indicating they are using the escalator safely. There are no visible signs of a fall or any unusual behavior that would suggest a fall has occurred."
2659078,frame_4633.jpg,0,100,normal,"The person is standing upright and holding onto the handrail, indicating they are using the escalator safely."
2659078,frame_4638.jpg,0,100,normal,"The person is standing upright and holding onto the handrail, indicating they are using the escalator safely."
2659078,frame_4643.jpg,0,100,normal,"The image shows a person standing upright and holding onto a suitcase while on an escalator, indicating they are using it properly and safely. There are no signs of a fall or any unusual behavior that would suggest a fall has occurred."
2659078,frame_4648.jpg,0,100,normal,"The image shows a person standing on the escalator with a suitcase, and there is no indication of any fall or accident. The person appears to be moving normally with the escalator."
2659078,frame_4653.jpg,0,100,normal,"The image shows a person standing upright and holding onto the handrail, indicating they are using the escalator safely. There are no signs of a fall or any unusual behavior that would suggest a fall has occurred."
2659078,frame_4658.jpg,0,100,normal,"The image shows a person standing upright and holding onto the handrail, indicating they are using the escalator safely. There are no signs of a fall or any unusual behavior that would suggest a fall has occurred."
2659078,frame_4663.jpg,0,100,normal,"The image shows a person standing upright and holding onto the handrail, indicating they are using the escalator safely. There are no visible signs of a fall or any other incident."
2659078,frame_4668.jpg,0,100,normal,"The image shows a person standing on the escalator with a suitcase, and there is no indication of any fall or accident. The person appears to be moving normally with the escalator."
2659078,frame_4673.jpg,0,100,normal,"The image shows a person standing upright and holding onto the handrail, indicating they are using the escalator safely. There are no visible signs of a fall or any unusual behavior that would suggest a fall has occurred."
2659078,frame_4678.jpg,0,100,normal,"The image shows a person standing upright and holding onto the handrail, indicating they are using the escalator safely. There are no visible signs of a fall or any other incident."
2659078,frame_4683.jpg,0,100,normal,"The image shows a person standing upright and holding onto the handrail, indicating they are using the escalator safely. There are no visible signs of a fall or any unusual behavior that would suggest a fall has occurred."
2659078,frame_4688.jpg,0,100,normal,"The image shows a person standing upright on the escalator with a suitcase, indicating they are using it properly. There are no visible signs of a fall, such as someone lying on the escalator or disarrayed luggage."
2659078,frame_4693.jpg,0,100,normal,"The image shows a person standing upright on the escalator, holding onto the handrail, and there is no indication of any fall or accident. The person appears to be moving normally with luggage."
2659078,frame_4698.jpg,0,100,normal,The escalator appears to be functioning normally with no visible obstructions or people in distress. The person with luggage is standing upright and seems to be using the escalator safely.
2659078,frame_4703.jpg,0,100,normal,"The image shows a person standing upright and holding onto the handrail, indicating they are using the escalator safely. There are no visible signs of a fall or any unusual behavior that would suggest a fall has occurred."
2659078,frame_4708.jpg,0,100,normal,"The escalator appears to be functioning normally with no visible obstructions or people in distress. The person with the suitcase is standing upright, indicating no immediate risk of a fall."
2659078,frame_4713.jpg,0,100,normal,"The image shows a person standing on the escalator with a suitcase, and there is no indication of any fall or accident. The person appears to be using the escalator normally."
2659091,frame_4513.jpg,0,100,normal,"The image shows a person standing on the escalator steps, which indicates they are using the escalator properly. There are no visible signs of a fall or any other incident."
2659091,frame_4517.jpg,0,100,normal,"The image shows a person standing on the escalator steps, which indicates they are using it properly. There are no signs of a fall or any unusual positioning that would suggest someone has fallen."
2659091,frame_4522.jpg,0,100,normal,"The image shows a person standing on the escalator steps, which indicates they are using the escalator properly. There are no visible signs of a fall or any other incident."
2659091,frame_4527.jpg,0,100,normal,"The image shows a person standing on the escalator, and there are no visible signs of a fall or any disarray that would indicate an accident. The person appears to be in a normal, upright position, and the escalator is functioning without any visible obstructions or issues."
2659091,frame_4532.jpg,0,100,normal,"The image shows a person standing on the escalator steps, which indicates they are using the escalator properly. There are no signs of a fall or any unusual positioning that would suggest someone has fallen."
2659091,frame_4537.jpg,0,100,normal,"The image shows a person standing on the escalator steps, which indicates they are using the escalator properly. There are no signs of a fall or any unusual positioning that would suggest someone has fallen."
2659091,frame_4542.jpg,80,85,fallOnEscalator,"The person is bent over and appears to be in a position that suggests they may have stumbled or fallen. The red handrail is also in contact with them, which could indicate an attempt to regain balance."
2659091,frame_4547.jpg,80,90,fallOnEscalator,"The person is bent over and appears to be reaching for something on the ground, which is a common position after a fall. The escalator is stationary, suggesting it is not in operation, which reduces the likelihood of a slip or trip."
2659091,frame_4552.jpg,80,85,fallOnEscalator,"The person is bent over and appears to be in a position that suggests they may have stumbled or fallen. The context of the image, with the person near the edge of the escalator and the red handrail, supports the likelihood of a fall."
2659091,frame_4557.jpg,80,85,fallOnEscalator,"The person appears to be on their hands and knees, which is a common position after a fall. The escalator is stationary, suggesting it may have stopped abruptly, which could contribute to a fall."
2659091,frame_4562.jpg,0,100,normal,"The image shows a person standing on the escalator steps, which indicates they are using the escalator properly. There are no signs of a fall, such as a person lying on the ground or an overturned bag. The person appears to be in control and moving with the escalator."
2659091,frame_4567.jpg,0,100,normal,"The escalator appears to be functioning normally with no visible obstructions or people in distress. The handrail and steps are intact, and there are no signs of a recent fall."
2659091,frame_4572.jpg,0,100,normal,"The image shows a stationary escalator with no visible signs of a fall or any person in distress. The escalator is clean and well-maintained, and there are no items or people on the steps that would indicate a recent fall."
2659091,frame_4577.jpg,0,100,normal,"The escalator appears to be functioning normally with no visible obstructions or people in distress. The handrail and steps are clear, and there are no signs of a recent fall."
2659091,frame_4582.jpg,0,100,normal,"The escalator appears to be functioning normally with no visible obstructions or people in distress. The handrail and steps are clear, and there are no signs of a recent fall."
2659091,frame_4587.jpg,0,100,normal,"The escalator appears to be functioning normally with no visible obstructions or people in distress. The handrail and steps are intact, and there are no signs of a recent fall."
2659091,frame_4592.jpg,0,100,normal,"The image shows a person standing on the escalator steps, which indicates they are using the escalator properly. There are no signs of a fall or any other incident."
2659091,frame_4597.jpg,80,90,fallOnEscalator,"The person is lying on the escalator steps, which is a common position for someone who has fallen. The lack of other people nearby and the person's position on the steps suggest they may have slipped or lost balance."
2659091,frame_4602.jpg,0,100,normal,"The image shows a person standing on the escalator steps, which indicates they are using the escalator properly. There are no signs of a fall or any unusual positioning that would suggest someone has fallen."
2659091,frame_4607.jpg,0,100,normal,"The image shows a person standing on the escalator steps, which indicates they are using it properly. There are no signs of a fall or any unusual positioning that would suggest an accident."
2659091,frame_4612.jpg,0,100,normal,"The image shows a person standing on the escalator steps, which indicates they are using the escalator properly. There are no signs of a fall or any other incident."
2659091,frame_4617.jpg,0,100,normal,"The image shows a person standing upright on the escalator, and there are no visible signs of a fall or any disarray that would indicate an accident. The person appears to be in a normal, upright position, suggesting that they are not in a situation where they have fallen."
2659091,frame_4622.jpg,80,90,fallOnEscalator,"The person is lying on the escalator steps, which is a common position for someone who has fallen. The lack of other people nearby and the person's position on the steps suggest they may have slipped or lost balance."
2659091,frame_4627.jpg,0,100,normal,"The image shows a person standing on the escalator steps, which indicates they are using the escalator properly. There are no signs of a fall or any other incident."
2659091,frame_4632.jpg,0,100,normal,"The image shows a person standing on the escalator steps, which indicates they are using the escalator properly. There are no signs of a fall or any unusual positioning that would suggest someone has fallen."
2659091,frame_4637.jpg,0,100,normal,"The image shows a person standing upright on the escalator, and there are no visible signs of a fall, such as a person lying down or objects scattered around."
2659091,frame_4642.jpg,0,100,normal,"The escalator appears to be functioning normally with no visible obstructions or people in distress. The handrail and steps are clear, and there is no indication of a fall having occurred."
2659091,frame_4647.jpg,0,100,normal,"The escalator appears to be functioning normally with no visible obstructions or people in distress. The handrail and steps are clear, and there is no indication of a fall having occurred."
2659091,frame_4652.jpg,50,80,fallOnEscalator,"The person is bent over, which could indicate a fall, but the image does not show clear evidence of a fall, such as a person lying on the ground or other people reacting."
2659091,frame_4657.jpg,0,100,normal,"The image shows a person standing on the escalator steps, which indicates they are using the escalator properly. There are no signs of a fall or any unusual positioning that would suggest someone has fallen."
2659091,frame_4662.jpg,80,90,fallOnEscalator,"The person appears to be bent over and leaning forward, which is a common posture when someone is losing balance or has fallen. The position on the escalator steps also suggests a potential fall."
2659091,frame_4667.jpg,80,90,fallOnEscalator,"The person is bent over and appears to be reaching towards the ground, which is a common posture after a fall. The escalator's handrail and the person's position suggest they may have lost balance."
2659091,frame_4672.jpg,80,90,fallOnEscalator,"The person is bent over and appears to be reaching down, which suggests they may have lost balance or are in the process of picking something up, indicating a potential fall."
2659091,frame_4677.jpg,80,90,fallOnEscalator,"The person is bent over and appears to be reaching down, which suggests they may have lost balance or are in the process of picking something up, indicating a potential fall."
2659091,frame_4682.jpg,80,90,fallOnEscalator,The person is bent over and appears to be in a position that suggests they may have lost balance or are in the process of falling. The posture and the position on the escalator steps support this assessment.
2659091,frame_4687.jpg,10,80,normal,"The person appears to be standing on the escalator steps, not showing signs of a fall. The posture and position suggest they are either boarding or disembarking safely."
2659091,frame_4692.jpg,0,100,normal,The person is standing upright and appears to be using the escalator normally without any signs of a fall.
2659091,frame_4697.jpg,0,100,normal,"The image shows a person standing on the escalator steps, which indicates they are using the escalator properly. There are no signs of a fall or any unusual positioning that would suggest someone has fallen."
2659091,frame_4702.jpg,0,100,normal,"The image shows a person standing on the escalator steps, which is a normal and safe position. There are no visible signs of a fall, such as a person lying on the ground or an overturned bag. The escalator appears to be functioning properly with no obstructions or malfunctions."
2659091,frame_4707.jpg,0,100,normal,"The person is standing upright and holding onto the handrail, indicating they are using the escalator safely. There is no visible indication of a fall or any other incident."
2659091,frame_4712.jpg,0,100,normal,"The image shows a person standing on the escalator steps, which indicates they are using it properly. There are no signs of a fall or any unusual positioning that would suggest someone has fallen."
2659091,frame_4717.jpg,0,100,normal,"The image shows a person standing on the escalator steps, which is a normal and safe position. There are no visible signs of a fall, such as the person lying on the ground or any disarray. The person appears to be holding onto the handrail, which is a common practice for safety."
2659091,frame_4722.jpg,0,100,normal,"The person is standing upright and appears to be using the escalator normally, with no signs of a fall."
2659091,frame_4727.jpg,0,100,normal,The person is standing upright and appears to be using the escalator normally without any signs of instability or distress.
2659091,frame_4732.jpg,0,100,normal,"The person is standing upright and holding onto the handrail, indicating they are using the escalator safely."
2659091,frame_4737.jpg,50,80,fallOnEscalator,"The person appears to be bending over, which could indicate a fall, but without additional context, it's uncertain."
2659091,frame_4742.jpg,0,100,normal,"The person is standing upright and holding onto the handrail, indicating they are using the escalator safely."
2659091,frame_4747.jpg,50,80,fallOnEscalator,"The person appears to be bending over, possibly to pick something up or adjust their footing, which could indicate a loss of balance. However, there is no clear indication of a fall, so the probability is moderate."
2659091,frame_4752.jpg,90,85,fallOnEscalator,"The person appears to be lying on the escalator steps, which is an unusual position for someone using the escalator. This suggests they may have fallen."
2659091,frame_4757.jpg,0,100,normal,"The person is standing upright and holding onto the handrail, indicating they are using the escalator safely."
2659091,frame_4762.jpg,0,100,normal,"The image shows a person standing upright on the escalator, holding onto the handrail, which suggests they are using the escalator properly and there is no indication of a fall."
2659091,frame_4767.jpg,0,100,normal,"The image shows a person standing upright on the escalator, with no signs of a fall. The person appears to be holding onto the handrail, which is a common practice for safety. There are no visible signs of distress or injury, and the surroundings do not indicate any recent accidents."
2659091,frame_4772.jpg,50,80,fallOnEscalator,"The person appears to be bending over, possibly to pick something up or adjust their footing, which could indicate a momentary imbalance. However, there is no clear indication of a fall, and the person seems to be in control."
2659091,frame_4777.jpg,80,90,fallOnEscalator,The person is bent over and appears to be in a position that suggests they may have stumbled or fallen. The posture and the fact that they are holding onto the handrail for support indicate a possible loss of balance.
2659091,frame_4782.jpg,50,80,fallOnEscalator,"The person is bent over and appears to be adjusting something on the escalator, which could suggest a loss of balance. However, there is no clear indication of a fall, so the probability is moderate."
2659091,frame_4787.jpg,50,80,fallOnEscalator,"The person is bent over and appears to be adjusting something, which could suggest a momentary imbalance. However, there is no clear indication of a fall, and the person seems to be in control."
2659091,frame_4792.jpg,0,100,normal,"The person is standing upright and holding onto the handrail, indicating they are not in a position that suggests they have fallen."
2659091,frame_4797.jpg,50,80,fallOnEscalator,"The person is bending over, which could indicate they are picking something up or adjusting their position, but it's not clear if they have fallen. The posture suggests caution or preparation, rather than a reaction to a fall."
2659091,frame_4802.jpg,10,80,normal,"The person appears to be bending over, possibly to pick something up or adjust their footing, which could indicate a momentary imbalance. However, there is no clear indication of a fall, and the person seems to be in control."
2659091,frame_4807.jpg,10,80,normal,"The person appears to be bending over, possibly to pick something up or adjust their footing, which could indicate a momentary imbalance. However, there is no clear indication of a fall, and the person seems to be in control of their movement."
2659091,frame_4812.jpg,0,100,normal,"The person is standing upright and appears to be using the escalator normally, without any signs of a fall."
2659091,frame_4817.jpg,10,80,normal,"The person appears to be bending over, possibly to pick something up or adjust their footing, which could indicate a momentary imbalance. However, there is no clear indication of a fall, and the person seems to be in control."
2659091,frame_4822.jpg,0,100,normal,"The person is standing upright and holding onto the handrail, indicating they are not in a position to fall."
2659091,frame_4827.jpg,0,100,normal,"The person appears to be standing and holding onto the handrail, indicating they are not in a position to have fallen."
2659091,frame_4832.jpg,0,100,normal,"The person is standing upright and holding onto the handrail, indicating they are using the escalator safely."
2659091,frame_4837.jpg,0,100,normal,"The person is standing upright and appears to be holding onto the handrail, which suggests they are not in a position to have fallen."
2659091,frame_4842.jpg,0,100,normal,"The person is standing upright and appears to be using the escalator normally, without any signs of a fall."
2659091,frame_4847.jpg,0,100,normal,"The person is standing upright and holding onto the handrail, indicating they are not in a position that suggests they have fallen."
2659091,frame_4852.jpg,0,100,normal,The person is standing upright and appears to be using the escalator normally without any signs of a fall.
2659091,frame_4857.jpg,0,100,normal,The person is standing upright and appears to be using the escalator normally without any signs of a fall.
2659091,frame_4862.jpg,0,100,normal,The person is standing upright and appears to be using the escalator normally without any signs of a fall.
2659179,frame_4283.jpg,0,100,normal,"The person is standing on the escalator steps, holding onto the handrail, and there is no indication of any loss of balance or fall."
2659179,frame_4287.jpg,0,100,normal,"The image shows two people standing on the escalator steps, holding onto the handrail, which suggests they are using the escalator safely. There are no visible signs of a fall or any other incident."
2659179,frame_4292.jpg,0,100,normal,"The image shows two people standing on the escalator steps, with no signs of a fall. They appear to be holding onto the handrail, which is a common safety practice when using escalators."
2659179,frame_4297.jpg,0,100,normal,"The image shows a person standing on the escalator steps, not in a position that suggests a fall. The person appears to be holding onto the handrail, which is a common and safe practice when using an escalator."
2659179,frame_4302.jpg,50,80,fallOnEscalator,"The image shows a person on the escalator who appears to be in a precarious position, possibly having lost balance. The escalator's handrail is visible, which could indicate an attempt to stabilize. However, without additional context or motion, it's difficult to determine the exact cause of the situation."
2659179,frame_4307.jpg,50,80,fallOnEscalator,"The image shows a person on the escalator who appears to be in a position that could suggest a fall, but without additional context or motion, it's not definitive."
2659179,frame_4312.jpg,80,90,fallOnEscalator,"The person appears to be in a position that suggests they may have lost balance or fallen, as they are bent over and not standing upright. The escalator's handrail is also visible, which could indicate that they were attempting to stabilize themselves."
2659179,frame_4317.jpg,80,85,fallOnEscalator,"The image shows a person on the ground near the escalator steps, which suggests they may have fallen. The presence of the red handrail and the person's position close to the escalator steps support this observation."
2659179,frame_4322.jpg,50,80,fallOnEscalator,"The image shows a person bending over on an escalator, which could indicate they have fallen. However, without additional context, it's not certain."
2659179,frame_4327.jpg,0,100,normal,"The image shows a person standing on the escalator steps, which is a normal and safe position. There are no visible signs of a fall, such as the person being on the ground or in an unusual position."
2659179,frame_4332.jpg,80,85,fallOnEscalator,"The image shows a person on the ground near the escalator steps, which suggests they may have fallen. The presence of the red handrail and the person's position on the floor near the escalator steps support this interpretation."
2659179,frame_4337.jpg,80,85,fallOnEscalator,"The person appears to be in a position that suggests they may have lost balance or are in the process of falling, as they are leaning forward and their arms are outstretched. The escalator's handrail is also visible, which could indicate that they are trying to regain stability."
2659179,frame_4342.jpg,80,90,fallOnEscalator,"The person in the brown sweater appears to be in a position that suggests they may have stumbled or fallen, as they are bent over and not standing upright. The other person is also in a similar position, which could indicate they are assisting or reacting to the situation. The context of the escalator and the body language of the individuals support the likelihood of a fall."
2659179,frame_4347.jpg,80,85,fallOnEscalator,"The person in the brown shirt appears to be bent over, possibly indicating they have lost balance or are in the process of falling. The person in the black shirt is also in a position that suggests they may have been involved in the incident. The context of the escalator and the body language of the individuals support the likelihood of a fall."
2659179,frame_4352.jpg,80,90,fallOnEscalator,"The image shows two individuals on an escalator, with one person appearing to be in a position that suggests they may have fallen or are in the process of getting up. The presence of a handrail and the fact that they are on an escalator support the likelihood of a fall."
2659179,frame_4357.jpg,80,85,fallOnEscalator,"The person in the brown sweater appears to be in a position that suggests they might have stumbled or lost balance, which is a common precursor to a fall on an escalator. The posture and the hand placement on the escalator step could indicate an attempt to regain balance."
2659179,frame_4362.jpg,10,80,normal,"The image shows a person on an escalator, but there is no clear indication of a fall. The person appears to be standing normally, and there are no visible signs of distress or an accident."
2659179,frame_4367.jpg,50,80,fallOnEscalator,"The person in the foreground appears to be in motion, possibly losing balance, which could suggest a fall. However, there is no clear evidence of a fall, such as a person on the ground or a visible impact."
2659179,frame_4372.jpg,80,85,fallOnEscalator,"The person on the escalator appears to be in a position that suggests they may have stumbled or fallen, as they are bent over and not standing upright. The blurred motion of the other person also suggests movement, possibly indicating a sudden stop or reaction to an incident."
2659179,frame_4377.jpg,50,80,fallOnEscalator,"The person appears to be bending over, which could indicate they have fallen or are in the process of getting up. However, without additional context, it's not possible to determine with certainty."
2659179,frame_4382.jpg,0,100,normal,"The image shows a person standing on the escalator steps, which appear to be functioning normally without any visible signs of malfunction or obstruction. There are no indications of a fall having occurred."
2659179,frame_4387.jpg,0,100,normal,"The image shows a person standing on the escalator steps, which indicates they are using the escalator properly and there is no indication of a fall."
2659179,frame_4392.jpg,0,100,normal,"The image shows a person standing on the escalator steps, not in a position that suggests a fall. The escalator appears to be functioning normally without any visible obstructions or irregularities."
2659179,frame_4397.jpg,0,100,normal,"The person appears to be standing normally on the escalator steps, and there is no visible indication of a fall."
2659179,frame_4402.jpg,10,80,normal,"The person appears to be standing normally on the escalator, and there is no visible indication of a fall, such as a person lying on the ground or an object scattered around."
2659179,frame_4407.jpg,0,100,normal,"The image shows a person standing on the escalator steps, which indicates they are using the escalator properly and there is no indication of a fall."
2659179,frame_4412.jpg,80,90,fallOnEscalator,"The person appears to be in a position that suggests they may have lost balance or are in the process of falling, as indicated by their posture and proximity to the escalator's edge."
2659179,frame_4417.jpg,0,100,normal,"The image shows a person using an escalator in a normal manner without any visible signs of a fall, such as a person lying on the escalator or an object scattered around. The person appears to be standing and moving normally."
2659201,frame_4212.jpg,0,100,normal,"The image shows a person standing on the escalator steps, which is a normal and safe position. There are no visible signs of a fall, such as someone lying on the ground or an overturned escalator. The person appears to be using the escalator correctly."
2659201,frame_4216.jpg,0,100,normal,"The image shows a person standing on the escalator steps, which is a normal and safe position. There are no visible signs of a fall, such as a person lying on the ground or an overturned stroller. The escalator appears to be functioning properly, and the person seems to be in control."
2659201,frame_4221.jpg,0,100,normal,The person is standing upright and appears to be using the escalator normally without any signs of a fall.
2659201,frame_4226.jpg,0,100,normal,"The image shows a person using an escalator normally, with no visible signs of a fall or any unusual activity that would suggest someone has fallen."
2659201,frame_4231.jpg,0,100,normal,"The image shows a person standing on the escalator steps, which is a normal and safe position. There are no visible signs of a fall, such as a person lying on the ground or an overturned stroller. The escalator appears to be functioning properly, and the person seems to be moving up the escalator in a controlled manner."
2659201,frame_4236.jpg,50,80,fallOnEscalator,"The person appears to be in a position that could suggest a fall, but without additional context, it's not definitive."
2659201,frame_4241.jpg,80,90,fallOnEscalator,"The person is lying on the escalator steps, which is an unusual and unsafe position, suggesting they may have fallen."
2659201,frame_4246.jpg,80,90,fallOnEscalator,"The person is lying on the escalator steps, which is a common position for someone who has fallen. The escalator is stationary, and there are no visible signs of movement, which supports the likelihood of a fall."
2659201,frame_4251.jpg,80,90,fallOnEscalator,"The person is lying on the escalator steps, which is a common position for someone who has fallen. The escalator is stationary, and there are no visible signs of movement, which supports the likelihood of a fall."
2659201,frame_4256.jpg,80,85,fallOnEscalator,"The person appears to be lying on the escalator steps, which is an unusual position for someone using an escalator. This suggests they may have fallen. However, without additional context, it's not possible to be certain."
2659201,frame_4261.jpg,80,90,fallOnEscalator,"The image shows a person lying on an escalator, which suggests they may have fallen. The escalator is not in motion, and the person's position is unusual for someone who is simply using the escalator."
2659201,frame_4266.jpg,50,80,fallOnEscalator,"The person is sitting on the escalator steps, which is an unusual position and could indicate a fall. However, without additional context, it's not certain."
2659201,frame_4271.jpg,10,80,normal,"The person appears to be sitting on the escalator steps, which is not a typical position for someone using an escalator. This could indicate a fall, but without additional context, it's not certain."
2659201,frame_4276.jpg,0,100,normal,"The person on the escalator appears to be standing normally, and there are no visible signs of a fall, such as a person lying on the ground or an overturned stroller."
2659201,frame_4281.jpg,50,80,fallOnEscalator,"The person is sitting on the escalator steps, which is an unusual position and could indicate a fall. However, without additional context, it's not certain."
2659201,frame_4286.jpg,80,85,fallOnEscalator,"The person is lying on the escalator steps, which is a common position for someone who has fallen. The escalator is not in motion, which suggests it may have stopped after the fall."
2659201,frame_4291.jpg,0,100,normal,"The person on the escalator appears to be standing normally and there are no visible signs of a fall, such as a person lying on the ground or an overturned stroller."
2659201,frame_4296.jpg,0,100,normal,"The image shows a person standing on the escalator steps, which is a normal and safe position. There are no signs of a fall, such as a person lying on the ground or an unusual posture that would indicate a fall."
2659201,frame_4301.jpg,0,100,normal,The person is standing upright and appears to be using the escalator normally without any signs of distress or imbalance.
2659201,frame_4306.jpg,0,100,normal,"The escalator appears to be functioning normally with no visible obstructions or people in distress. The person on the escalator is standing upright, and there are no signs of a fall or accident."
2659201,frame_4311.jpg,0,100,normal,"The escalator appears to be functioning normally with no visible obstructions or people in distress. The person on the escalator is standing upright, indicating no fall has occurred."
2659201,frame_4316.jpg,10,80,normal,"The person is standing on the escalator steps, which is a common and safe position. There are no visible signs of distress or unusual behavior that would suggest a fall has occurred."
2659201,frame_4321.jpg,0,100,normal,"The escalator appears to be functioning normally with no visible obstructions or people in distress. The person on the escalator is standing upright, and there are no signs of a fall or accident."
2659201,frame_4326.jpg,0,100,normal,"The escalator appears to be functioning normally with no visible obstructions or people in distress. The person on the escalator is standing upright, and there are no signs of a fall."
2659201,frame_4331.jpg,0,100,normal,"The escalator appears to be functioning normally with no visible obstructions or people in distress. The individuals on the escalator are standing upright, and there are no signs of a fall or accident."
2659201,frame_4336.jpg,0,100,normal,"The escalator appears to be functioning normally with no visible obstructions or people in distress. The individuals on the escalator are standing upright, and there are no signs of a fall or accident."
2659201,frame_4341.jpg,0,100,normal,"The escalator appears to be functioning normally with no visible obstructions or people in distress. The individuals on the escalator are standing upright, and there are no signs of a fall or accident."
2659201,frame_4346.jpg,0,100,normal,"The escalator appears to be functioning normally with no visible obstructions or people in distress. The area is clean and well-maintained, suggesting a safe environment."
2659201,frame_4351.jpg,0,100,normal,"The escalator appears to be functioning normally with no visible obstructions or people in distress. The area is clean and well-maintained, suggesting a safe environment."
2659201,frame_4356.jpg,0,100,normal,"The escalator appears to be functioning normally with no visible obstructions or people in distress. The area is clean and well-maintained, suggesting a safe environment."
2659201,frame_4361.jpg,0,100,normal,"The escalator appears to be functioning normally with no visible obstructions or people in distress. The area is clean and well-maintained, suggesting a safe environment."
2659201,frame_4366.jpg,0,100,normal,"The escalator appears to be functioning normally with no visible obstructions or people in distress. The individuals on the escalator are standing upright, and there are no signs of a fall or accident."
2659221,frame_4096.jpg,0,100,normal,"The person is standing upright and appears to be using the escalator normally, with no signs of instability or distress."
2659221,frame_4100.jpg,0,100,normal,"The person is standing upright and appears to be using the escalator normally, with no signs of instability or distress."
2659221,frame_4105.jpg,0,100,normal,"The image shows a person standing on the escalator steps, which appear to be functioning normally without any visible obstructions or malfunctions. There is no indication of a fall or any unusual activity that would suggest someone has fallen."
2659221,frame_4110.jpg,0,100,normal,"The escalator appears to be functioning normally with no visible obstructions or people in distress. The person on the escalator is standing upright, indicating no immediate risk of a fall."
2659221,frame_4115.jpg,0,100,normal,"The image shows a person standing on the escalator steps, which appear to be functioning normally without any visible signs of malfunction or obstruction. There are no indications of a fall having occurred."
2659221,frame_4120.jpg,0,100,normal,"The escalator appears to be functioning normally with no visible obstructions or people in distress. The person on the escalator is standing upright, indicating no fall has occurred."
2659221,frame_4125.jpg,50,80,fallOnEscalator,"The person is lying on the escalator steps, which suggests they may have fallen. However, they are not in a position that clearly indicates distress or injury, so the likelihood is moderate."
2659221,frame_4130.jpg,0,100,normal,"The escalator appears to be functioning normally with no visible obstructions or people in distress. The person on the escalator is standing upright, indicating no immediate risk of a fall."
2659221,frame_4135.jpg,0,100,normal,"The escalator appears to be functioning normally with no visible obstructions or people in distress. The person on the escalator is standing upright, and there are no signs of a fall."
2659221,frame_4140.jpg,0,100,normal,"The image shows a person standing on the escalator steps, which indicates they are using it properly. There are no signs of a fall or any unusual positioning that would suggest an accident."
2659221,frame_4145.jpg,0,100,normal,"The image shows a person standing on the escalator steps, which is a normal and safe position. There are no visible signs of a fall, such as someone lying on the ground or an overturned escalator step."
2659221,frame_4150.jpg,0,100,normal,"The escalator appears to be functioning normally with no visible obstructions or people in distress. The person on the escalator is standing upright, indicating no fall has occurred."
2659221,frame_4155.jpg,50,80,fallOnEscalator,"The image shows a person lying on the escalator steps, which suggests they may have fallen. However, without additional context, it's unclear if this is a staged situation or an actual fall."
2659221,frame_4160.jpg,50,80,fallOnEscalator,"The image shows a person lying on the escalator steps, which suggests they may have fallen. However, without additional context, it's not possible to determine the exact cause."
2659221,frame_4165.jpg,10,80,normal,"The image shows a person standing on the escalator steps, which is generally safe. However, the person's posture and the angle of the escalator could suggest a potential risk. The escalator is not crowded, and the person appears to be aware of their surroundings, which reduces the likelihood of a fall."
2659258,frame_4027.jpg,0,100,normal,"The person is standing on the escalator steps, holding onto the handrail, and there is no indication of any loss of balance or movement that would suggest a fall."
2659258,frame_4031.jpg,0,100,normal,"The person is standing upright and holding onto the handrail, indicating they are using the escalator safely. There are no visible signs of a fall or any unusual behavior."
2659258,frame_4036.jpg,0,100,normal,"The person appears to be standing normally on the escalator steps, with no signs of a fall."
2659258,frame_4041.jpg,50,80,fallOnEscalator,"The person appears to be in a precarious position, leaning back with one hand on the handrail, which could suggest instability. However, there is no clear indication of a fall, as the person is still on the escalator."
2659258,frame_4046.jpg,0,100,normal,"The person appears to be standing normally on the escalator, with no signs of a fall or stumble."
2659258,frame_4051.jpg,80,85,fallOnEscalator,"The person appears to be in a position that suggests they may have lost balance or are in the process of falling, as they are leaning forward and their arms are outstretched. The escalator's handrail is also visible, which could indicate that they are trying to regain balance."
2659258,frame_4056.jpg,0,100,normal,The person is standing upright and appears to be using the escalator normally without any signs of a fall.
2659258,frame_4061.jpg,80,85,fallOnEscalator,"The person is on their hands and knees, which suggests they may have fallen. The position and the fact that they are on the escalator steps support this assumption."
2659258,frame_4066.jpg,80,90,fallOnEscalator,"The person is on the ground at the bottom of the escalator, which suggests they may have fallen. The position and the context strongly indicate a fall, but there could be other explanations, hence the lower confidence."
2659258,frame_4071.jpg,80,85,fallOnEscalator,"The person is on the ground near the escalator steps, which suggests they may have fallen. The position and proximity to the escalator steps increase the likelihood of this scenario."
2659258,frame_4076.jpg,80,90,fallOnEscalator,"The person is on their hands and knees, which is a common position after a fall. The escalator's edge and the person's position suggest they may have lost balance."
2659258,frame_4081.jpg,80,90,fallOnEscalator,"The person is on the ground near the escalator, which suggests they may have fallen. The position and proximity to the escalator steps support this assumption."
2659258,frame_4086.jpg,80,90,fallOnEscalator,"The person is on the ground near the escalator steps, which suggests they may have fallen. The position and proximity to the escalator steps increase the likelihood of this scenario."
2659258,frame_4091.jpg,80,85,fallOnEscalator,The person is bent over and appears to be in a position that suggests they may have fallen or are in the process of getting up from a fall. The escalator's edge and the person's posture are consistent with someone who has experienced a mishap.
2659258,frame_4096.jpg,80,85,fallOnEscalator,"The person appears to be in a position that suggests they may have lost balance or fallen, as they are on the ground near the escalator steps. The red handrail and the person's posture indicate a potential fall."
2659258,frame_4101.jpg,80,85,fallOnEscalator,The person is bent over and appears to be in a position that suggests they may have fallen or are in the process of getting up from a fall. The escalator's edge and the person's posture indicate a potential incident.
2659258,frame_4106.jpg,80,90,fallOnEscalator,"The person is on the ground near the escalator steps, which suggests they may have fallen. The position and proximity to the escalator steps increase the likelihood of this scenario."
2659258,frame_4111.jpg,80,90,fallOnEscalator,"The person is on the ground near the escalator steps, which suggests they may have fallen. The position and proximity to the escalator steps increase the likelihood of this scenario."
2659258,frame_4116.jpg,80,90,fallOnEscalator,"The person is on the ground near the escalator steps, which suggests they may have fallen. The position and proximity to the escalator steps support this assumption."
2659258,frame_4121.jpg,80,90,fallOnEscalator,The person is bent over and appears to be in a position that suggests they may have fallen or are recovering from a fall. The context of the escalator and the person's posture support this interpretation.
2659258,frame_4126.jpg,80,85,fallOnEscalator,"The person is bent over and appears to be reaching out, which is a common posture after a fall. The position on the escalator steps and the hand placement suggest an attempt to regain balance or support, indicating a potential fall."
2659258,frame_4131.jpg,80,85,fallOnEscalator,"The person is bent over and appears to be reaching out, which suggests they may have lost balance or are in the process of falling. The position and posture are consistent with someone who has fallen or is about to fall on an escalator."
2659258,frame_4136.jpg,80,90,fallOnEscalator,"The person is bent over, which suggests they may have lost balance or are in the process of falling. The position on the escalator steps and the lack of other people nearby also support this interpretation."
2659258,frame_4141.jpg,10,80,normal,"The person appears to be standing on the escalator steps, not showing signs of a fall. The escalator is functioning normally, and there are no visible obstacles or disruptions."
2659258,frame_4146.jpg,0,100,normal,"The person is standing on the escalator steps, which is a normal and safe position. There is no indication of a fall or any other unsafe behavior."
2659258,frame_4151.jpg,0,100,normal,"The person appears to be standing normally on the escalator steps, with no signs of a fall."
2659258,frame_4156.jpg,0,100,normal,"The person appears to be standing normally on the escalator steps, with no signs of a fall or any unusual posture that would indicate a fall has occurred."
2659258,frame_4161.jpg,0,100,normal,"The person appears to be standing normally on the escalator steps, with no signs of a fall or stumble."
2659258,frame_4166.jpg,0,100,normal,"The person appears to be standing normally on the escalator steps, with no signs of a fall or any unusual posture that would suggest a fall has occurred."
2659258,frame_4171.jpg,0,100,normal,The person is holding onto the handrail and appears to be standing normally on the escalator steps. There is no indication of a fall or any other incident.
2659258,frame_4176.jpg,0,100,normal,The person is holding onto the handrail and appears to be standing normally on the escalator steps.
2659258,frame_4181.jpg,0,100,normal,The person is holding onto the handrail and appears to be standing normally on the escalator steps.
2659258,frame_4186.jpg,0,100,normal,The person is holding onto the handrail and appears to be standing normally on the escalator steps. There is no indication of a fall or any unusual position that would suggest a fall has occurred.
2659258,frame_4191.jpg,0,100,normal,The person is holding onto the handrail and appears to be standing normally on the escalator steps. There is no indication of a fall or any unusual position that would suggest a fall has occurred.
2659258,frame_4196.jpg,0,100,normal,The person is holding onto the handrail and appears to be standing normally on the escalator steps. There is no indication of a fall or any other incident.
2659258,frame_4201.jpg,0,100,normal,The person is holding onto the handrail and appears to be standing normally on the escalator steps. There is no visible indication of a fall or any other incident.
2659258,frame_4206.jpg,0,100,normal,The person is holding onto the handrail and appears to be standing normally on the escalator steps. There is no visible indication of a fall or any other incident.
2659258,frame_4211.jpg,0,100,normal,"The person is holding onto the handrail and appears to be standing normally on the escalator steps. There are no visible signs of a fall, such as the person being on the ground or in an unusual position."
2659258,frame_4216.jpg,0,100,normal,The person is holding onto the handrail and appears to be standing normally on the escalator steps. There is no visible indication of a fall or any other incident.
2659258,frame_4221.jpg,0,100,normal,The person is holding onto the handrail and appears to be standing normally on the escalator steps. There is no indication of a fall or any other incident.
2659258,frame_4226.jpg,0,100,normal,"The person is standing upright and holding onto the handrail, indicating they are not in a position that suggests they have fallen."
2659258,frame_4231.jpg,0,100,normal,"The person is holding onto the handrail and appears to be standing normally on the escalator steps. There are no visible signs of a fall, such as the person being on the ground or in an unusual position."
2659258,frame_4236.jpg,0,100,normal,The person is holding onto the handrail and appears to be standing normally on the escalator steps. There is no visible indication of a fall or any other incident.
2659258,frame_4241.jpg,0,100,normal,"The person is holding onto the handrail and appears to be standing normally on the escalator steps. There are no visible signs of a fall, such as the person being on the ground or in an unusual position."
2659258,frame_4246.jpg,0,100,normal,"The person is standing upright and holding onto the handrail, indicating they are not in a position that suggests they have fallen."
2659258,frame_4251.jpg,0,100,normal,The person is holding onto the handrail and appears to be standing normally on the escalator steps. There is no indication of a fall or any other incident.
2659258,frame_4256.jpg,0,100,normal,"The person is holding onto the handrail and appears to be standing normally on the escalator steps. There are no visible signs of a fall, such as the person being on the ground or in an unusual position."
2659258,frame_4261.jpg,0,100,normal,"The person is standing upright and holding onto the handrail, indicating they are not in a position that suggests they have fallen."
2659258,frame_4266.jpg,0,100,normal,"The person is standing on the escalator steps, holding onto the handrail, and there is no indication of any loss of balance or fall."
2659258,frame_4271.jpg,0,100,normal,"The person is standing upright and holding onto the handrail, which suggests they are not in a position to have fallen."
2659258,frame_4276.jpg,0,100,normal,"The person is standing on the escalator steps, holding onto the handrail, which is a typical and safe way to use an escalator. There is no indication of any loss of balance or other factors that would suggest a fall."
2659258,frame_4281.jpg,0,100,normal,"The person is standing upright and holding onto the handrail, which suggests they are not in a position that would typically lead to a fall."
2659258,frame_4286.jpg,0,100,normal,"The person is standing upright and holding onto the handrail, which suggests they are not in a position that would typically lead to a fall."
2659258,frame_4291.jpg,0,100,normal,"The person is standing upright and holding onto the handrail, which suggests they are using the escalator safely. There are no visible signs of a fall, such as the person being on the ground or in an unusual position."
2659258,frame_4296.jpg,0,100,normal,"The person is holding onto the handrail, which is a common safety practice when using an escalator. There is no visible indication of a fall or any other incident."
2659258,frame_4301.jpg,0,100,normal,"The person is holding onto the handrail, which is a common safety practice when using an escalator. There is no visible indication of a fall or any other incident."
2659258,frame_4306.jpg,0,100,normal,"The person is holding onto the handrail, which is a common safety practice when using an escalator. There is no visible indication of a fall or any other incident."
2659258,frame_4311.jpg,0,100,normal,"The person is standing upright and holding onto the handrail, which suggests they are using the escalator safely. There is no visible indication of a fall or any other incident."
2659258,frame_4316.jpg,0,100,normal,The person is holding onto the handrail and appears to be standing normally on the escalator steps. There is no indication of a fall or any other incident.
2659258,frame_4321.jpg,0,100,normal,"The person is standing upright and holding onto the handrail, indicating they are not in a position that suggests they have fallen."
2659258,frame_4326.jpg,0,100,normal,"The person is standing upright and holding onto the handrail, indicating they are not in a position that suggests they have fallen."
2659258,frame_4331.jpg,0,100,normal,"The person is holding onto the handrail and appears to be standing normally on the escalator, indicating no signs of a fall."
2659258,frame_4336.jpg,0,100,normal,"The person is standing on the escalator steps, holding onto the handrail, and there is no indication of any fall or accident."
2659258,frame_4341.jpg,0,100,normal,"The person is standing on the escalator steps, holding onto the handrail, and there is no visible indication of a fall or any other incident."
2659258,frame_4346.jpg,0,100,normal,"The person is standing on the escalator steps, holding onto the handrail, and there is no indication of any fall or accident."
2659258,frame_4351.jpg,0,100,normal,"The person is standing on the escalator steps, holding onto the handrail, and there is no indication of any fall or accident."
2659258,frame_4356.jpg,0,100,normal,"The person is standing on the escalator steps, and there is no indication of any fall or accident. The red line appears to be a safety measure or a guide, not a sign of a fall."
2659258,frame_4361.jpg,0,100,normal,"The image shows a person standing on the escalator steps, which appear to be functioning normally without any visible signs of malfunction or obstruction that would typically indicate a risk of falling."
2659287,frame_4234.jpg,0,100,normal,"The image shows a person standing on the escalator steps, which are moving, but there is no indication of a fall. The person appears to be using the escalator normally."
2659287,frame_4238.jpg,0,100,normal,"The image shows a person standing on the escalator steps, which are moving, but there is no indication of a fall. The person appears to be using the escalator normally."
2659287,frame_4243.jpg,0,100,normal,The person is standing upright and appears to be using the escalator normally without any signs of distress or imbalance.
2659287,frame_4248.jpg,0,100,normal,"The person is standing upright and appears to be using the escalator normally, with no visible signs of distress or imbalance."
2659287,frame_4253.jpg,0,100,normal,"The person is standing upright and appears to be using the escalator normally, with no visible signs of a fall or any unusual behavior."
2659287,frame_4258.jpg,0,100,normal,"The person is standing upright and appears to be using the escalator normally, with no signs of instability or distress."
2659287,frame_4263.jpg,0,100,normal,The person is standing upright and appears to be using the escalator normally without any signs of distress or imbalance.
2659287,frame_4268.jpg,0,100,normal,The person is standing upright and appears to be using the escalator normally without any signs of distress or imbalance.
2659287,frame_4273.jpg,0,100,normal,"The image shows a person standing on the escalator steps, which is a normal and safe position. There are no signs of a fall, such as a person lying on the ground or an overturned stroller. The escalator appears to be functioning properly with no visible obstructions or malfunctions."
2659287,frame_4278.jpg,0,100,normal,"The image shows a person standing on the escalator steps, which is a normal and safe position. There are no visible signs of a fall, such as someone lying on the ground or an overturned escalator. The person appears to be moving up the escalator in a controlled manner."
2659287,frame_4283.jpg,50,80,fallOnEscalator,"The person appears to be in motion, possibly losing balance, which could indicate a fall. However, there is no clear evidence of a fall, such as a person on the ground or visible damage."
2659287,frame_4288.jpg,50,80,fallOnEscalator,"The person appears to be in a precarious position, leaning back with one leg off the step, which could indicate a loss of balance. However, there is no clear indication of a fall, and the person might be intentionally adjusting their position."
2659287,frame_4293.jpg,50,80,fallOnEscalator,"The person appears to be in a precarious position, leaning back with arms outstretched, which could indicate a loss of balance. However, there is no clear indication of a fall, and the person might be intentionally balancing or adjusting their position."
2659287,frame_4298.jpg,80,85,fallOnEscalator,"The person appears to be in a position that suggests they may have lost balance or control, which is a common cause of falls on escalators. However, without additional context, it's not possible to determine the exact cause."
2659287,frame_4303.jpg,80,90,fallOnEscalator,"The person appears to be in a position that suggests they may have lost balance or control, which is a common cause of falls on escalators. The image shows the person in a precarious position, leaning against the wall, which supports the likelihood of a fall."
2659287,frame_4308.jpg,80,85,fallOnEscalator,"The person appears to be in a position that suggests they may have lost balance or control, which is a common cause of falls on escalators. However, without further context, it's not possible to determine the exact cause."
2659287,frame_4313.jpg,10,80,normal,"The person appears to be standing normally on the escalator, and there are no visible signs of a fall, such as a person lying on the ground or an overturned stroller."
2659287,frame_4318.jpg,10,80,normal,"The person appears to be standing normally on the escalator, and there are no visible signs of a fall, such as a person lying on the ground or an overturned stroller."
2659287,frame_4323.jpg,80,90,fallOnEscalator,"The image shows a person in a dynamic position on the escalator steps, which suggests they may have lost balance or fallen. The motion blur and the person's position on the steps support this observation."
2659287,frame_4328.jpg,80,90,fallOnEscalator,"The image shows a person lying on the escalator steps, which suggests they may have fallen. The position and context strongly indicate an incident, though the exact cause isn't clear."
2659287,frame_4333.jpg,80,90,fallOnEscalator,"The person appears to be in a position that suggests they may have lost balance or control, which is a common cause of falls on escalators."
2659287,frame_4338.jpg,80,90,fallOnEscalator,"The person appears to be in a position that suggests they have lost balance and are sliding down the escalator, which is a common scenario for falls."
2659287,frame_4343.jpg,80,90,fallOnEscalator,"The person appears to be in a position that suggests they may have lost balance or control, which is a common cause of falls on escalators."
2659287,frame_4348.jpg,80,90,fallOnEscalator,"The image shows a person lying on the escalator steps, which suggests they may have fallen. The position and context strongly indicate an incident, though the exact cause isn't clear."
2659287,frame_4353.jpg,80,85,fallOnEscalator,"The person appears to be lying on the escalator steps, which suggests they may have fallen. However, without additional context, it's not possible to determine the exact cause."
2659287,frame_4358.jpg,80,90,fallOnEscalator,"The image shows a person lying on the escalator steps, which suggests they may have fallen. The position and context strongly indicate an incident, though the exact cause isn't clear."
2659287,frame_4363.jpg,80,85,fallOnEscalator,"The image shows a person lying on the escalator steps, which suggests they may have fallen. The position and context strongly indicate an incident, though the exact cause is not clear."
2659287,frame_4368.jpg,80,90,fallOnEscalator,"The image shows a person lying on an escalator, which suggests they may have fallen. The position and context strongly indicate an incident, though the exact cause is not clear."
2659287,frame_4373.jpg,80,90,fallOnEscalator,"The image shows a person lying on an escalator, which suggests they may have fallen. The escalator is not in motion, and the person's position is consistent with someone who has experienced a fall."
2659287,frame_4378.jpg,10,80,normal,"The person appears to be standing normally on the escalator, and there are no visible signs of a fall, such as a person lying on the ground or an overturned stroller."
2659287,frame_4383.jpg,0,100,normal,"The escalator appears to be functioning normally with no visible obstructions or people in distress. The person on the escalator is standing upright, and there are no signs of a fall."
2659287,frame_4388.jpg,0,100,normal,"The escalator appears to be functioning normally with no visible obstructions or people in distress. The person on the escalator is standing upright, and there are no signs of a fall or accident."
2659287,frame_4393.jpg,0,100,normal,"The escalator appears to be functioning normally with no visible obstructions or people in distress. The area is clean and well-maintained, suggesting a safe environment."
2659287,frame_4398.jpg,0,100,normal,"The escalator appears to be functioning normally with no visible obstructions or people in distress. The area is clean and well-maintained, suggesting a safe environment."
2659287,frame_4403.jpg,0,100,normal,"The escalator appears to be functioning normally with no visible obstructions or people in distress. The area is clean and well-maintained, suggesting a safe environment."
2659287,frame_4408.jpg,0,100,normal,"The escalator appears to be functioning normally with no visible obstructions or people in distress. The area is clean and well-maintained, suggesting a safe environment."
2659287,frame_4413.jpg,0,100,normal,"The escalator appears to be functioning normally with no visible obstructions or people in distress. The area is clean and well-maintained, suggesting a safe environment."
2659287,frame_4418.jpg,0,100,normal,"The escalator appears to be functioning normally with no visible obstructions or people in distress. There are no signs of a recent fall, such as debris or people gathered around the escalator."
2659303,frame_4165.jpg,0,100,normal,"The escalator appears to be functioning normally with no visible obstructions or people in distress. The person on the escalator is standing upright, and there are no signs of a fall or accident."
2659303,frame_4169.jpg,0,100,normal,"The escalator appears to be functioning normally with no visible obstructions or people in distress. The person is standing upright, and there are no signs of a fall."
2659303,frame_4174.jpg,0,100,normal,"The escalator appears to be functioning normally with no visible obstructions or people in distress. The person on the escalator is standing upright, and there are no signs of a fall."
2659303,frame_4179.jpg,0,100,normal,"The escalator appears to be functioning normally with no visible obstructions or people in distress. The person is standing upright, and there are no signs of a fall."
2659303,frame_4184.jpg,0,100,normal,The escalator appears to be functioning normally with no visible obstructions or people in distress.
2659303,frame_4189.jpg,0,100,normal,The escalator appears to be functioning normally with no visible obstructions or people in distress.
2659303,frame_4194.jpg,0,100,normal,"The escalator appears to be functioning normally with no visible obstructions or people in distress. The handrails and steps are intact, and there are no signs of a recent fall."
2659303,frame_4199.jpg,0,100,normal,"The escalator appears to be functioning normally with no visible obstructions or people in distress. The person on the escalator is standing upright, and there are no signs of a fall."
2659303,frame_4204.jpg,0,100,normal,"The escalator appears to be functioning normally with no visible obstructions or people in distress. The handrail and steps are intact, and there are no signs of a recent fall."
2659303,frame_4209.jpg,0,100,normal,"The escalator appears to be functioning normally with no visible obstructions or people in distress. The handrails and steps are intact, and there are no signs of a fall having occurred."
2659303,frame_4214.jpg,0,100,normal,"The image shows a person standing on the escalator steps, which is a normal and safe position. There are no visible signs of a fall, such as someone lying on the ground or an overturned stroller. The escalator appears to be functioning properly with no obstructions or malfunctions."
2659303,frame_4219.jpg,0,100,normal,"The image shows a person standing on the escalator steps, which are moving, but there is no indication of a fall. The person appears to be holding onto the handrail, which is a common safety practice when using escalators."
2659303,frame_4224.jpg,0,100,normal,"The escalator appears to be functioning normally with no visible obstructions or people in distress. The person on the escalator is standing upright, and there are no signs of a fall or accident."
2659303,frame_4229.jpg,0,100,normal,"The image shows a person standing on the escalator steps, which are moving steadily. There is no indication of any fall or accident. The person appears to be in control and there are no visible signs of a fall, such as a person lying on the ground or an overturned stroller."
2659303,frame_4234.jpg,0,100,normal,The escalator appears to be functioning normally with no visible obstructions or people in distress. The person on the escalator is seated and appears to be moving safely.
2659303,frame_4239.jpg,0,100,normal,"The escalator appears to be functioning normally with no visible obstructions or people in distress. The person on the escalator is standing upright, indicating no immediate risk of a fall."
2659303,frame_4244.jpg,0,100,normal,The escalator appears to be functioning normally with no visible obstructions or people in distress. The person on the escalator is standing upright and seems to be moving safely.
2659303,frame_4249.jpg,0,100,normal,The escalator appears to be functioning normally with no visible obstructions or people in distress.
2659303,frame_4254.jpg,0,100,normal,"The escalator appears to be functioning normally with no visible obstructions or people in distress. The handrail and steps are intact, and there are no signs of a fall having occurred."
2659303,frame_4259.jpg,0,100,normal,"The escalator appears to be functioning normally with no visible obstructions or people in distress. The handrails and steps are intact, and there are no signs of a fall having occurred."
2659303,frame_4264.jpg,0,100,normal,"The escalator appears to be functioning normally with no visible obstructions or people in distress. The handrails and steps are intact, and there are no signs of a recent fall."
2659303,frame_4269.jpg,0,100,normal,"The escalator appears to be functioning normally with no visible obstructions or people in distress. The handrail and steps are intact, and there are no signs of a fall or accident."
2659303,frame_4274.jpg,0,100,normal,The escalator appears to be functioning normally with no visible obstructions or people in distress.
2659303,frame_4279.jpg,0,100,normal,The escalator appears to be functioning normally with no visible obstructions or people in distress.
2659303,frame_4284.jpg,0,100,normal,The escalator appears to be functioning normally with no visible obstructions or people in distress.
2659303,frame_4289.jpg,0,100,normal,"The escalator appears to be functioning normally with no visible obstructions or people in distress. The handrails and steps are intact, and there are no signs of a fall having occurred."
2659303,frame_4294.jpg,0,100,normal,"The escalator appears to be functioning normally with no visible obstructions or people in distress. The handrails and steps are intact, and there are no signs of a recent fall."
2659331,frame_4187.jpg,0,100,normal,"The person is standing upright and holding onto the handrail, indicating they are using the escalator safely. There is no visible indication of a fall or any other unsafe behavior."
2659331,frame_4191.jpg,0,100,normal,"The person is standing on the escalator steps, holding onto the handrail, and there is no indication of any loss of balance or control."
2659331,frame_4196.jpg,0,100,normal,The person is holding onto the handrail and appears to be using the escalator safely. There are no visible signs of a fall or any other incident.
2659331,frame_4201.jpg,0,100,normal,The person is holding onto the handrail and appears to be using the escalator safely. There are no visible signs of a fall or any other incident.
2659331,frame_4206.jpg,0,100,normal,The person is holding onto the handrail and appears to be standing properly on the escalator steps.
2659331,frame_4211.jpg,0,100,normal,"The person is standing on the escalator steps, holding onto the handrail, and there is no indication of any loss of balance or control."
2659331,frame_4216.jpg,0,100,normal,"The person is holding onto the handrail and appears to be standing properly on the escalator steps, indicating they are not at risk of falling."
2659331,frame_4221.jpg,10,90,normal,The person appears to be holding onto the handrail and is not in a position that suggests they have lost balance or control. The escalator seems to be functioning normally without any visible obstructions or malfunctions.
2659331,frame_4226.jpg,50,80,fallOnEscalator,"The person is holding onto the handrail, which suggests they are trying to stabilize themselves, possibly indicating a risk of falling. However, there is no clear indication of a fall having already occurred."
2659331,frame_4231.jpg,50,80,fallOnEscalator,"The person is holding onto the handrail, which suggests they are trying to stabilize themselves, possibly indicating a risk of falling. However, there is no clear indication of a fall having already occurred."
2659331,frame_4236.jpg,0,100,normal,"The person is standing on the escalator steps, holding onto the handrail, and there is no indication of any loss of balance or control."
2659331,frame_4241.jpg,0,100,normal,The person is holding onto the handrail and appears to be standing normally on the escalator steps. There is no indication of a fall or any unusual position that would suggest a fall has occurred.
2659331,frame_4246.jpg,0,100,normal,"The person is holding onto the handrail and appears to be standing normally on the escalator steps. There are no visible signs of a fall, such as the person being on the ground or in an unusual position."
2659331,frame_4251.jpg,0,100,normal,The person is holding onto the handrail and appears to be standing properly on the escalator steps.
2659331,frame_4256.jpg,0,100,normal,The person is holding onto the handrail and appears to be standing properly on the escalator steps. There is no indication of a fall or any other unsafe behavior.
2659331,frame_4261.jpg,0,100,normal,The person is holding onto the handrail and appears to be standing normally on the escalator steps.
2659331,frame_4266.jpg,0,100,normal,The person is holding onto the handrail and appears to be standing normally on the escalator steps. There is no indication of a fall or any unusual position that would suggest a fall has occurred.
2659331,frame_4271.jpg,0,100,normal,The person is holding onto the handrail and appears to be standing normally on the escalator steps. There is no visible indication of a fall or any unusual position that would suggest a fall has occurred.
2659331,frame_4276.jpg,50,80,fallOnEscalator,"The person is holding onto the handrail, which suggests they are trying to stabilize themselves, possibly after a slip or misstep. However, there is no clear indication of a fall, so the probability is estimated at 50. The confidence level is high due to the visible action of holding the handrail."
2659331,frame_4281.jpg,50,80,fallOnEscalator,"The person is holding onto the handrail, which suggests they are trying to stabilize themselves, possibly indicating a risk of falling. However, there is no clear indication of a fall having already occurred."
2659331,frame_4286.jpg,0,100,normal,The person is holding onto the handrail and appears to be standing normally on the escalator steps.
2659331,frame_4291.jpg,0,100,normal,"The person is holding onto the handrail and appears to be standing normally on the escalator steps, indicating they have not fallen."
2659331,frame_4296.jpg,0,100,normal,The person is holding onto the handrail and appears to be standing normally on the escalator steps. There is no indication of a fall or any unusual position that would suggest a fall has occurred.
2659331,frame_4301.jpg,0,100,normal,"The person is holding onto the handrail and appears to be standing normally on the escalator steps, indicating they are not in a position to fall."
2659331,frame_4306.jpg,0,100,normal,The person is holding onto the handrail and appears to be standing normally on the escalator steps. There is no indication of a fall or any unusual position that would suggest a fall has occurred.
2659331,frame_4311.jpg,0,100,normal,The person is holding onto the handrail and appears to be standing normally on the escalator steps. There is no indication of a fall or any unusual position that would suggest a fall has occurred.
2659331,frame_4316.jpg,0,100,normal,The person is holding onto the handrail and appears to be standing normally on the escalator steps. There is no indication of a fall or any unusual position that would suggest a fall has occurred.
2659331,frame_4321.jpg,0,100,normal,The person is holding onto the handrail and appears to be standing normally on the escalator steps.
2659331,frame_4326.jpg,0,100,normal,The person is holding onto the handrail and appears to be standing normally on the escalator steps. There is no indication of a fall or any other incident.
2659331,frame_4331.jpg,0,100,normal,The person is holding onto the handrail and appears to be standing normally on the escalator steps. There is no indication of a fall or any unusual position that would suggest a fall has occurred.
2659331,frame_4336.jpg,0,100,normal,The person is holding onto the handrail and appears to be standing normally on the escalator steps. There is no indication of a fall or any unusual position that would suggest a fall has occurred.
2659331,frame_4341.jpg,0,100,normal,"The person is holding onto the handrail and appears to be standing normally on the escalator steps, indicating they are not in a position to have fallen."
2659331,frame_4346.jpg,0,100,normal,"The person is holding onto the handrail and appears to be standing normally on the escalator steps, indicating they have not fallen."
2659331,frame_4351.jpg,0,100,normal,The person is holding onto the handrail and appears to be standing normally on the escalator steps. There is no indication of a fall or any unusual position that would suggest a fall has occurred.
2659331,frame_4356.jpg,0,100,normal,The person is holding onto the handrail and appears to be standing normally on the escalator steps. There is no indication of a fall or any unusual position that would suggest a fall has occurred.
2659331,frame_4361.jpg,0,100,normal,The person is holding onto the handrail and appears to be using the escalator safely. There are no visible signs of a fall or any other incident.
2659331,frame_4366.jpg,0,100,normal,"The person is standing on the escalator steps, holding onto the handrail, and appears to be in control, suggesting no fall has occurred."
2659331,frame_4371.jpg,0,100,normal,"The person is holding onto the handrail and appears to be standing normally on the escalator, indicating they have not fallen."
2659331,frame_4376.jpg,10,80,normal,"The person is holding onto the handrail and appears to be using a walker, which suggests they are taking precautions to avoid falling. However, the image does not provide a clear indication of their balance or the stability of the walker."
2659331,frame_4381.jpg,0,100,normal,"The person is holding onto the handrail and appears to be using the escalator normally, without any signs of a fall."
2659331,frame_4386.jpg,10,90,normal,"The person is holding onto the handrail and appears to be using the escalator properly. There are no visible signs of a fall, such as the person being on the ground or in an unusual position."
2659331,frame_4391.jpg,0,100,normal,The person is holding onto the handrail and appears to be using the escalator safely. There is no indication of a fall or any other incident.
2659331,frame_4396.jpg,0,100,normal,The person is holding onto the handrail and appears to be standing normally on the escalator steps. There is no visible indication of a fall or any other incident.
2659331,frame_4401.jpg,0,100,normal,"The person is holding onto the handrail and appears to be standing normally on the escalator steps, indicating they have not fallen."
2659331,frame_4406.jpg,50,80,fallOnEscalator,"The person is holding onto the handrail and appears to be in a controlled position, but the image does not provide enough context to definitively rule out a fall."
2659331,frame_4411.jpg,0,100,normal,The person is holding onto the handrail and appears to be standing normally on the escalator steps. There is no indication of a fall or any unusual position that would suggest a fall has occurred.
2659331,frame_4416.jpg,0,100,normal,The person is holding onto the handrail and appears to be standing normally on the escalator steps. There is no indication of a fall or any other incident.
2659331,frame_4421.jpg,0,100,normal,The person is holding onto the handrail and appears to be standing normally on the escalator steps. There is no indication of a fall or any unusual position that would suggest a fall has occurred.
2659331,frame_4426.jpg,10,80,normal,"The person appears to be holding onto the handrail and maintaining balance, suggesting they are not in a position to have fallen."
2659331,frame_4431.jpg,0,100,normal,The person is holding onto the handrail and appears to be standing normally on the escalator steps. There is no visible indication of a fall or any other incident.
2659331,frame_4436.jpg,10,90,normal,"The person is holding onto the handrail and appears to be in a controlled position, suggesting they are not in a situation that would typically lead to a fall."
2659331,frame_4441.jpg,0,100,normal,"The person is holding onto the handrail and appears to be standing normally on the escalator, indicating no fall has occurred."
2659331,frame_4446.jpg,0,100,normal,"The person is holding onto the handrail and appears to be standing normally on the escalator, indicating no signs of a fall."
2659331,frame_4451.jpg,0,100,normal,"The person is holding onto the handrail and appears to be standing normally on the escalator, indicating no fall has occurred."
2659331,frame_4456.jpg,0,100,normal,"The person is holding onto the handrail and appears to be standing normally on the escalator, indicating no signs of a fall."
2659331,frame_4461.jpg,0,100,normal,"The person is holding onto the handrail and appears to be standing normally, indicating no fall has occurred."
2659331,frame_4466.jpg,0,100,normal,"The person in the image is standing on the escalator steps, holding onto the handrail, and there is no indication of any fall or loss of balance."
2659331,frame_4471.jpg,0,100,normal,"The person is standing on the escalator steps, holding onto the handrail, and there is no indication of any fall or loss of balance."
2659366,frame_4237.jpg,0,100,normal,The person is standing upright and appears to be using the escalator normally without any signs of instability or distress.
2659366,frame_4241.jpg,0,100,normal,"The image shows a person using an escalator properly, with no signs of a fall or any unusual activity that would suggest a fall has occurred."
2659366,frame_4246.jpg,0,100,normal,"The image shows a person using an escalator safely and without any visible signs of a fall. The person is standing upright and holding onto the handrail, which is typical behavior for using an escalator."
2659366,frame_4251.jpg,0,100,normal,"The image shows a person using an escalator properly, with no signs of a fall or any unusual activity that would suggest a fall has occurred."
2659366,frame_4256.jpg,0,100,normal,"The image shows a person using an escalator properly, with no signs of a fall or any unusual activity that would suggest a fall has occurred."
2659366,frame_4261.jpg,0,100,normal,"The image shows a person using an escalator in a controlled and orderly manner, with no signs of distress or instability. The escalator appears to be functioning properly, and the person is holding onto the handrail, which is a common safety practice."
2659366,frame_4266.jpg,0,100,normal,The image shows a person using an escalator normally without any visible signs of a fall or accident. The person is standing upright and appears to be in control of the luggage. There are no visible obstructions or unusual conditions that would suggest a fall has occurred.
2659366,frame_4271.jpg,0,100,normal,The person is standing upright and appears to be using the escalator normally without any signs of distress or imbalance.
2659366,frame_4276.jpg,50,80,fallOnEscalator,"The image shows a person lying on an escalator, which suggests a possible fall. However, without additional context or motion, it's not definitive."
2659366,frame_4281.jpg,50,80,fallOnEscalator,"The person appears to be lying on the escalator, which could suggest a fall. However, without additional context or movement, it's not certain."
2659366,frame_4286.jpg,80,85,fallOnEscalator,"The person appears to be on their hands and knees, which is a common position after a fall. The escalator is stationary, suggesting it may have stopped abruptly, which could be a cause of the fall."
2659366,frame_4291.jpg,80,85,fallOnEscalator,"The image shows a person lying on the escalator steps, which suggests they may have fallen. The position and context strongly indicate an incident, though the exact cause isn't clear."
2659366,frame_4296.jpg,50,80,fallOnEscalator,"The image shows a person lying on an escalator, which suggests a potential fall. However, without additional context or motion, it's not possible to definitively confirm a fall."
2659366,frame_4301.jpg,0,100,normal,"The image shows a person standing on an escalator, not in a position that suggests they have fallen. The escalator appears to be functioning normally, and there are no visible signs of an accident."
2659366,frame_4306.jpg,10,80,normal,"The person appears to be sitting on the escalator, which is not a typical position for someone who has fallen. They seem to be in control, and there are no visible signs of distress or injury."
2659366,frame_4311.jpg,50,80,fallOnEscalator,"The person appears to be sitting on the escalator steps, which could indicate a fall. However, without additional context, it's not possible to determine with certainty."
2659366,frame_4316.jpg,50,80,fallOnEscalator,"The person appears to be sitting on the escalator steps, which could indicate a fall. However, without additional context, it's not certain."
2659366,frame_4321.jpg,80,90,fallOnEscalator,"The person appears to be in a position that suggests they may have lost balance or control, which is a common cause of falls on escalators."
2659366,frame_4326.jpg,80,90,fallOnEscalator,"The person appears to be in an awkward position on the escalator steps, which suggests they may have lost balance or control, increasing the likelihood of a fall."
2659366,frame_4331.jpg,50,80,fallOnEscalator,"The person appears to be in a precarious position, leaning back with one leg off the step, which could indicate a loss of balance. However, there is no clear indication of a fall, and the person might be intentionally adjusting their position."
2659366,frame_4336.jpg,10,90,normal,"The person appears to be standing normally on the escalator, and there are no visible signs of distress or an accident."
2659366,frame_4341.jpg,0,100,normal,"The person is standing upright and appears to be using the escalator normally, with no visible signs of distress or imbalance."
2659366,frame_4346.jpg,10,80,normal,"The person is sitting on the escalator steps, which is unusual and could indicate a fall. However, they appear to be in control, and there are no visible signs of distress or injury."
2659366,frame_4351.jpg,0,100,normal,The person is standing upright and appears to be using the escalator normally without any signs of distress or imbalance.
2659366,frame_4356.jpg,0,100,normal,The person is standing upright and appears to be using the escalator normally without any signs of distress or imbalance.
2659366,frame_4361.jpg,0,100,normal,The person is standing upright and appears to be using the escalator normally without any signs of distress or imbalance.
2659366,frame_4366.jpg,0,100,normal,The person is standing upright and appears to be using the escalator normally without any signs of distress or imbalance.
2659366,frame_4371.jpg,0,100,normal,"The image shows a person using an escalator properly, with no signs of a fall or any unusual activity that would indicate a fall has occurred."
2659366,frame_4376.jpg,50,80,fallOnEscalator,"The person appears to be in a precarious position, leaning back with one hand on the wall and the other on luggage, which could indicate a loss of balance. However, there is no clear indication of a fall, and the person might be adjusting their position."
2659366,frame_4381.jpg,10,80,normal,"The person appears to be standing normally on the escalator, and there are no visible signs of a fall, such as a person lying on the ground or an overturned suitcase."
2659366,frame_4386.jpg,10,80,normal,"The image shows a person sitting on the escalator steps, which is not a typical or safe position. This suggests that the person may have fallen or is in a precarious position, though there is no clear indication of a fall having occurred."
2659366,frame_4391.jpg,0,100,normal,"The escalator appears to be functioning normally with no visible obstructions or people in distress. The area is clean and well-maintained, suggesting a safe environment."
2659366,frame_4396.jpg,0,100,normal,"The escalator appears to be functioning normally with no visible obstructions or people in distress. The area is clean and well-maintained, suggesting a safe environment."
2659366,frame_4401.jpg,0,100,normal,"The escalator appears to be functioning normally with no visible obstructions or people in distress. There are no signs of a fall, such as people lying on the ground or scattered belongings."
2659366,frame_4406.jpg,0,100,normal,"The escalator appears to be functioning normally with no visible obstructions or people in distress. The area is clean and well-maintained, suggesting a safe environment."
2659366,frame_4411.jpg,0,100,normal,"The escalator appears to be functioning normally with no visible obstructions or people in distress. The area is clean and well-maintained, suggesting a safe environment."
2659366,frame_4416.jpg,0,100,normal,"The escalator appears to be functioning normally with no visible obstructions or people in distress. The area is clean and well-maintained, suggesting a safe environment."
2659366,frame_4421.jpg,0,100,normal,"The escalator appears to be functioning normally with no visible obstructions or people in distress. The area is clean and well-maintained, suggesting a safe environment."
2659366,frame_4426.jpg,0,100,normal,"The escalator appears to be functioning normally with no visible obstructions or people in distress. The area is clean and well-maintained, suggesting a safe environment."
2659366,frame_4431.jpg,0,100,normal,"The escalator appears to be functioning normally with no visible obstructions or people in distress. The area is clean and well-maintained, suggesting a safe environment."
2659366,frame_4436.jpg,0,100,normal,"The escalator appears to be functioning normally with no visible obstructions or people in distress. The area is clean and well-maintained, suggesting a safe environment."
2659366,frame_4441.jpg,0,100,normal,"The escalator appears to be functioning normally with no visible obstructions or people in distress. There are no signs of a fall, such as people lying on the ground or scattered belongings."
2659366,frame_4446.jpg,0,100,normal,"The escalator appears to be functioning normally with no visible obstructions or people in distress. The area is clean and well-maintained, suggesting a safe environment."
2659457,frame_4173.jpg,0,100,normal,"The person is standing upright and holding onto the handrail, indicating they are using the escalator safely."
2659457,frame_4177.jpg,0,100,normal,"The person is standing upright and holding onto the handrail, indicating they are using the escalator safely. There are no visible signs of a fall or any unusual behavior."
2659457,frame_4182.jpg,0,100,normal,"The person is standing upright and holding onto the handrail, indicating they are using the escalator safely. There is no visible indication of a fall or any other incident."
2659457,frame_4187.jpg,0,100,normal,"The person is standing upright and holding onto the handrail, indicating they are using the escalator safely. There are no visible signs of a fall or any unusual behavior."
2659457,frame_4192.jpg,0,100,normal,"The person is standing upright and holding onto the handrail, indicating they are using the escalator safely."
2659457,frame_4197.jpg,0,100,normal,"The person is standing upright and holding onto the handrail, which is a safe posture for using an escalator. There are no visible signs of a fall or any other unsafe behavior."
2659457,frame_4202.jpg,0,100,normal,"The person is standing upright and holding onto the handrail, indicating they are using the escalator safely."
2659457,frame_4207.jpg,0,100,normal,"The person is standing upright and appears to be holding onto the handrail, which suggests they are using the escalator safely."
2659457,frame_4212.jpg,0,100,normal,"The image shows a person standing on the escalator steps, which is a normal and safe position. There are no signs of a fall or any unusual activity that would suggest someone has fallen."
2659457,frame_4217.jpg,0,100,normal,"The escalator appears to be functioning normally with no visible obstructions or people in distress. There are no signs of a fall, such as people lying on the ground or objects scattered around."
2659457,frame_4222.jpg,0,100,normal,"The escalator appears to be functioning normally with no visible obstructions or people in distress. The handrail and steps are clear, and there are no signs of a fall having occurred."
2659457,frame_4227.jpg,0,100,normal,"The person is standing upright and holding onto the handrail, indicating they are using the escalator safely."
2659457,frame_4232.jpg,0,100,normal,"The person is standing upright and holding onto the handrail, indicating they are using the escalator safely."
2659457,frame_4237.jpg,0,100,normal,"The person is standing upright and appears to be holding onto the handrail, indicating they are using the escalator safely."
2659457,frame_4242.jpg,10,80,normal,"The person appears to be standing normally on the escalator, and there are no visible signs of a fall, such as a person lying on the ground or an overturned suitcase."
2659457,frame_4247.jpg,50,80,fallOnEscalator,"The person appears to be in a precarious position, with one leg off the step and the other on the step below, which could indicate a loss of balance. However, there is no clear indication of a fall, such as a visible impact or other people reacting."
2659457,frame_4252.jpg,10,80,normal,"The person appears to be standing upright and holding onto the handrail, suggesting they are not in a position to fall. However, without additional context, it's difficult to be certain."
2659457,frame_4257.jpg,0,100,normal,"The person is standing upright and holding onto the handrail, which suggests they are using the escalator safely. There are no visible signs of a fall, such as the person lying on the steps or any disarray."
2659457,frame_4262.jpg,0,100,normal,"The person is standing upright and holding onto the handrail, indicating they are using the escalator safely."
2659457,frame_4267.jpg,10,90,normal,"The person appears to be standing normally on the escalator, and there is no visible indication of a fall. The posture and position suggest they are using the escalator safely."
2659457,frame_4272.jpg,0,100,normal,"The person is standing on the escalator steps, holding onto the handrail, and there is no indication of any loss of balance or control."
2659457,frame_4277.jpg,0,100,normal,"The image shows a person standing on the escalator with their luggage, and there are no visible signs of a fall or any disarray that would indicate an accident. The person appears to be in a normal, upright position."
2659457,frame_4282.jpg,0,100,normal,"The image shows a person standing upright and holding onto the handrail while using the escalator, indicating they are using it safely. There are no visible signs of a fall or any unusual behavior that would suggest a fall has occurred."
2659457,frame_4287.jpg,0,100,normal,"The image shows a person standing on the escalator with their luggage, and there is no indication of any fall or accident. The person appears to be using the escalator normally."
2659457,frame_4292.jpg,0,100,normal,"The escalator appears to be functioning normally with no visible obstructions or people in distress. The person is standing upright and holding onto the handrail, which is typical behavior for safe use."
2659457,frame_4297.jpg,0,100,normal,"The escalator appears to be functioning normally with no visible obstructions or people in distress. The person on the escalator is standing upright and holding onto the handrail, which is typical behavior for safe use."
2659457,frame_4302.jpg,0,100,normal,"The escalator appears to be functioning normally with no visible obstructions or people in distress. The person is standing upright, and there are no signs of a fall."
2659457,frame_4307.jpg,0,100,normal,"The escalator appears to be functioning normally with no visible obstructions or people in distress. The person with luggage is standing upright, indicating no immediate risk of a fall."
2659457,frame_4312.jpg,0,100,normal,"The escalator appears to be functioning normally with no visible obstructions or people in distress. The handrail and steps are clear, and there are no signs of a fall having occurred."
2659457,frame_4317.jpg,0,100,normal,The escalator appears to be functioning normally with no visible obstructions or people in distress.
2659457,frame_4322.jpg,0,100,normal,The escalator appears to be functioning normally with no visible obstructions or people in distress. The person on the escalator is standing upright and appears to be moving safely.
2659457,frame_4327.jpg,0,100,normal,"The escalator appears to be functioning normally with no visible obstructions or people in distress. The person is standing upright and holding onto the handrail, indicating safe use."
2659457,frame_4332.jpg,0,100,normal,"The escalator appears to be functioning normally with no visible obstructions or people in distress. There are no signs of a fall, such as people lying on the escalator or scattered belongings."
2659457,frame_4337.jpg,0,100,normal,"The escalator appears to be functioning normally with no visible obstructions or people in distress. The handrails and steps are intact, and there are no signs of a recent fall."
2659457,frame_4342.jpg,0,100,normal,"The escalator appears to be functioning normally with no visible obstructions or people in distress. The handrail and steps are intact, and there are no signs of a recent fall."
2659457,frame_4347.jpg,0,100,normal,The escalator appears to be functioning normally with no visible obstructions or people in distress.
2659457,frame_4352.jpg,0,100,normal,"The escalator appears to be functioning normally with no visible obstructions or people in distress. The handrails and steps are intact, and there are no signs of a recent fall."
2659457,frame_4357.jpg,0,100,normal,"The escalator appears to be functioning normally with no visible obstructions or people in distress. The handrails and steps are intact, and there are no signs of a fall having occurred."
2659491,frame_4133.jpg,0,100,normal,"The person is standing upright and holding onto the handrail, indicating they are using the escalator safely. There are no visible signs of a fall or any other issues."
2659491,frame_4137.jpg,0,100,normal,"The person is standing upright and holding onto the handrail, indicating they are using the escalator safely. There are no visible signs of a fall, such as the person lying on the ground or any disarray."
2659491,frame_4142.jpg,0,100,normal,"The person is standing upright and holding onto the handrail, indicating they are using the escalator safely. There are no visible signs of a fall or any other incident."
2659491,frame_4147.jpg,0,100,normal,"The person is standing upright and holding onto the handrail, indicating they are using the escalator safely. There are no visible signs of a fall or any other issues."
2659491,frame_4152.jpg,0,100,normal,"The person is standing upright and holding onto the handrail, indicating they are using the escalator safely. There is no visible indication of a fall or any other incident."
2659491,frame_4157.jpg,0,100,normal,"The person is holding onto the handrail and appears to be standing normally on the escalator steps. There are no visible signs of a fall, such as the person being on the ground or in an unusual position."
2659491,frame_4162.jpg,0,100,normal,"The person is standing upright and holding onto the handrail, indicating they are using the escalator safely. There is no visible indication of a fall or any other incident."
2659491,frame_4167.jpg,0,100,normal,"The person is standing upright and holding onto the handrail, indicating they are using the escalator safely. There is no visible indication of a fall or any other incident."
2659491,frame_4172.jpg,0,100,normal,"The person is holding onto the handrail, which suggests they are using the escalator safely. There are no visible signs of a fall, such as the person on the ground or disarrayed belongings."
2659491,frame_4177.jpg,0,100,normal,"The image shows a dog standing on an escalator, which is a controlled and safe environment for the animal. There are no signs of distress or instability that would suggest a fall."
2659491,frame_4182.jpg,80,90,fallOnEscalator,"The person appears to be in a position that suggests they may have lost balance or are in the process of falling, as they are leaning back and reaching out for the handrail. The escalator's motion and the person's posture contribute to this assessment."
2659491,frame_4187.jpg,80,90,fallOnEscalator,"The person is on their hands and knees, which suggests they may have fallen. The red handrail is also bent, indicating a forceful impact."
2659491,frame_4192.jpg,80,90,fallOnEscalator,"The person is on their hands and knees on the escalator steps, which suggests they may have lost balance or fallen. The position and the fact that they are on the escalator steps, which are moving, increase the likelihood of a fall."
2659491,frame_4197.jpg,50,80,fallOnEscalator,"The person is holding onto the handrail, which suggests they are trying to stabilize themselves, possibly indicating a risk of falling. However, there is no clear indication of a fall having already occurred."
2659491,frame_4202.jpg,0,100,normal,"The person is holding onto the handrail, which suggests they are using the escalator safely. There is no visible indication of a fall or any other incident."
2659491,frame_4207.jpg,0,100,normal,"The person is holding onto the handrail, which suggests they are using the escalator safely. There is no visible indication of a fall or any other incident."
2659491,frame_4212.jpg,50,80,fallOnEscalator,"The person appears to be holding onto the handrail, which suggests they are trying to stabilize themselves. However, the image does not provide enough context to definitively determine if a fall has occurred or is imminent."
2659491,frame_4217.jpg,80,85,fallOnEscalator,"The person appears to be in a precarious position, leaning back with one leg on the escalator steps and the other hanging in the air, which suggests a loss of balance. The red handrail is also bent, indicating a forceful movement."
2659491,frame_4222.jpg,0,100,normal,"The person is standing on the escalator steps, holding onto the handrail, and there is no indication of any loss of balance or control."
2659491,frame_4227.jpg,0,100,normal,"The person is standing on the escalator steps, holding onto the handrail, and there is no indication of any loss of balance or control."
2659491,frame_4232.jpg,0,100,normal,"The person is standing upright and appears to be holding onto the handrail, indicating they are not in a position that suggests they have fallen."
2659491,frame_4237.jpg,50,80,fallOnEscalator,"The person appears to be in a precarious position, leaning forward with luggage, which could suggest instability. However, there is no clear indication of a fall having occurred."
2659491,frame_4242.jpg,80,90,fallOnEscalator,"The person appears to be in a position that suggests they may have lost balance or fallen, as they are leaning forward and one hand is touching the escalator steps. The red handrail is also in contact with them, which could indicate an attempt to regain balance."
2659491,frame_4247.jpg,50,80,fallOnEscalator,"The person appears to be in a precarious position, leaning forward and holding onto the handrail, which suggests they might have lost balance. However, there is no clear indication of a fall, and they could be in the process of stepping on or off the escalator."
2659491,frame_4252.jpg,0,100,normal,The person is holding onto the handrail and appears to be standing normally on the escalator steps. There is no indication of a fall or any unusual position that would suggest a fall has occurred.
2659491,frame_4257.jpg,0,100,normal,The person is holding onto the handrail and appears to be using the escalator safely. There are no visible signs of a fall or any other incident.
2659491,frame_4262.jpg,50,80,fallOnEscalator,"The person appears to be reaching out to the handrail, which could indicate a loss of balance. However, there is no clear indication of a fall, so the probability is moderate."
2659491,frame_4267.jpg,50,80,fallOnEscalator,"The person appears to be reaching out to the handrail, which could indicate a loss of balance. However, there is no clear indication of a fall, and the person might simply be steadying themselves."
2659491,frame_4272.jpg,0,100,normal,The person is holding onto the handrail and appears to be standing normally on the escalator steps. There is no indication of a fall or any unusual position that would suggest a fall has occurred.
2659491,frame_4277.jpg,50,80,fallOnEscalator,"The person appears to be in a precarious position, leaning forward with one hand on the handrail and the other on the escalator steps, which could suggest a loss of balance. However, without additional context, it's not possible to definitively determine if a fall has occurred."
2659491,frame_4282.jpg,80,85,fallOnEscalator,"The person appears to be hanging onto the handrail in a manner that suggests they might have lost balance or are struggling to maintain it, which could indicate a fall. However, without additional context, it's not possible to determine the exact cause."
2659491,frame_4287.jpg,80,90,fallOnEscalator,"The person appears to be hanging onto the handrail in an unusual manner, which suggests they might have lost balance or are in a precarious position. This could indicate a potential fall, especially if they are not holding onto the handrail properly."
2659491,frame_4292.jpg,50,80,fallOnEscalator,"The person appears to be bending over, possibly to pick something up or adjust their footing, which could indicate a loss of balance. However, there is no clear evidence of a fall, such as a sudden position change or items scattered around."
2659491,frame_4297.jpg,50,80,fallOnEscalator,"The person appears to be leaning forward and reaching out, which could indicate a loss of balance. However, there is no clear evidence of a fall, such as a person on the ground or a visible impact."
2659491,frame_4302.jpg,80,85,fallOnEscalator,"The person appears to be in a precarious position, leaning forward with one hand on the handrail and the other hand extended, which suggests they might have lost balance. The escalator steps are visible, and the person's posture indicates a potential risk of falling."
2659491,frame_4307.jpg,80,85,fallOnEscalator,"The person appears to be in a precarious position, with one leg on the escalator and the other on the handrail, which suggests they may have lost balance. The angle of the photo and the person's posture indicate a potential risk of falling."
2659491,frame_4312.jpg,50,80,fallOnEscalator,"The person appears to be in a precarious position, leaning forward with one hand on the handrail and the other extended, which could suggest a loss of balance. However, there is no clear indication of a fall, such as a position on the ground or other people reacting to an incident."
2659491,frame_4317.jpg,50,80,fallOnEscalator,"The person appears to be in a precarious position, leaning backward with one hand on the handrail and the other extended, which could suggest a loss of balance. However, there is no clear indication of a fall, such as a position on the ground or other people reacting to an incident."
2659491,frame_4322.jpg,80,90,fallOnEscalator,"The person appears to be in a precarious position, with one foot on the escalator and the other on the handrail, which is not a safe or typical way to use an escalator. This suggests a higher likelihood of a fall."
2659491,frame_4327.jpg,50,80,fallOnEscalator,"The person appears to be in a precarious position, leaning over the handrail, which suggests a risk of falling. However, there is no clear indication of a fall having already occurred."
2659491,frame_4332.jpg,80,90,fallOnEscalator,"The person appears to be in a precarious position, leaning over the edge of the escalator, which suggests a higher likelihood of a fall. The image does not show any immediate signs of a fall, but the posture and proximity to the edge increase the risk."
2659491,frame_4337.jpg,0,100,normal,"The person is standing on the escalator steps, holding onto the handrail, and appears to be moving normally. There is no indication of a fall or any unusual behavior."
2659491,frame_4342.jpg,10,80,normal,"The person appears to be standing on the escalator steps, holding onto the handrail, and there is no visible indication of a fall. The posture and grip suggest they are using the escalator normally."
2659491,frame_4347.jpg,80,90,fallOnEscalator,"The person appears to be in a precarious position, with one leg off the escalator and the other on the step, suggesting a potential loss of balance. The posture and the position of the arms and legs indicate a possible attempt to regain stability, which is common in situations where someone might be falling."
2659491,frame_4352.jpg,0,100,normal,"The person is standing on the escalator steps, holding onto the handrail, and appears to be moving normally without any signs of a fall."
2659491,frame_4357.jpg,50,80,fallOnEscalator,"The person appears to be in a precarious position, leaning forward with one hand on the handrail and the other on the luggage, which could suggest instability. However, there is no clear indication of a fall having already occurred."
2659491,frame_4362.jpg,0,100,normal,"The person appears to be standing and holding onto the handrail, indicating they are not in a position to have fallen."
2659491,frame_4367.jpg,80,90,fallOnEscalator,"The person appears to be in a precarious position, leaning forward with one hand on the handrail and the other holding a bag, which suggests they might have lost balance. The escalator's edge and the person's posture indicate a higher likelihood of a fall."
2659491,frame_4372.jpg,0,100,normal,The person is holding onto the handrail and appears to be standing normally on the escalator steps. There is no indication of a fall or any unusual position that would suggest a fall has occurred.
2659491,frame_4377.jpg,0,100,normal,The person is holding onto the handrail and appears to be standing normally on the escalator steps. There is no indication of a fall or any unusual position that would suggest a fall has occurred.
2659491,frame_4382.jpg,0,100,normal,"The person is holding onto the handrail and appears to be standing normally on the escalator steps. There are no visible signs of a fall, such as the person being on the ground or in an unusual position."
2659491,frame_4387.jpg,0,100,normal,The person is holding onto the handrail and appears to be standing normally on the escalator steps. There is no indication of a fall or any unusual position that would suggest a fall has occurred.
2659491,frame_4392.jpg,0,100,normal,The person is holding onto the handrail and appears to be standing normally on the escalator steps. There is no indication of a fall or any unusual position that would suggest a fall has occurred.
2659491,frame_4397.jpg,0,100,normal,The person is holding onto the handrail and appears to be standing normally on the escalator steps. There is no indication of a fall or any unusual position that would suggest a fall has occurred.
2659491,frame_4402.jpg,0,100,normal,The person is holding onto the handrail and appears to be standing normally on the escalator steps. There is no visible indication of a fall or any other incident.
2659491,frame_4407.jpg,0,100,normal,The person is holding onto the handrail and appears to be standing normally on the escalator steps. There is no indication of a fall or any unusual position that would suggest a fall has occurred.
2659491,frame_4412.jpg,0,100,normal,"The person is standing on the escalator steps, holding onto the handrail, and there is no indication of any loss of balance or movement that would suggest a fall."
2659491,frame_4417.jpg,0,100,normal,"The person is standing on the escalator steps, holding onto the handrail, and there is no indication of any loss of balance or other factors that would suggest a fall is imminent."
2659491,frame_4422.jpg,0,100,normal,The person is holding onto the handrail and appears to be standing normally on the escalator steps. There is no indication of a fall or any other incident.
2659491,frame_4427.jpg,0,100,normal,"The person is standing on the escalator steps, holding onto the handrail, and appears to be moving normally. There is no indication of a fall or any unusual behavior that would suggest a fall has occurred."
2659491,frame_4432.jpg,0,100,normal,"The person is holding onto the handrail and appears to be standing normally on the escalator, indicating no fall has occurred."
2659491,frame_4437.jpg,0,100,normal,"The person appears to be standing normally on the escalator, holding onto the handrail, and there is no visible indication of a fall or any other incident."
2659491,frame_4442.jpg,0,100,normal,"The person is holding onto the handrail and appears to be standing normally on the escalator, indicating no fall has occurred."
2659491,frame_4447.jpg,0,100,normal,The person is holding onto the handrail and appears to be standing normally on the escalator steps. There is no indication of a fall or any unusual position that would suggest a fall has occurred.
2659491,frame_4452.jpg,0,100,normal,The person is holding onto the handrail and appears to be standing normally on the escalator steps. There is no indication of a fall or any unusual position that would suggest a fall has occurred.
2659491,frame_4457.jpg,50,80,fallOnEscalator,"The person appears to be holding onto the handrail and is not showing signs of a fall, but the image does not provide a clear view of their entire body or the escalator's movement, which could affect the likelihood."
2659491,frame_4462.jpg,50,80,fallOnEscalator,"The person is holding onto the handrail and appears to be in a controlled position, but the image does not provide enough context to definitively rule out the possibility of a fall."
2659491,frame_4467.jpg,0,100,normal,The person is holding onto the handrail and appears to be standing normally on the escalator steps. There is no indication of a fall or any unusual position that would suggest a fall has occurred.
2659491,frame_4472.jpg,0,100,normal,"The person is holding onto the handrail and appears to be standing normally on the escalator steps. There are no visible signs of a fall, such as the person being on the ground or in an unusual position."
2659491,frame_4477.jpg,0,100,normal,"The person is holding onto the handrail and appears to be standing normally on the escalator, indicating no fall has occurred."
2659491,frame_4482.jpg,0,100,normal,"The person is standing on the escalator steps, holding onto the handrail, and appears to be in control, suggesting no fall has occurred."
2659491,frame_4487.jpg,0,100,normal,"The person is standing on the escalator steps, holding onto the handrail, and there is no indication of any loss of balance or fall."
2659491,frame_4492.jpg,0,100,normal,"The person is standing on the escalator steps, holding onto the handrail, and there is no indication of any loss of balance or control."
2659491,frame_4497.jpg,0,100,normal,The person is holding onto the handrail and appears to be standing normally on the escalator steps. There is no visible indication of a fall or any unusual position that would suggest a fall has occurred.
2659491,frame_4502.jpg,0,100,normal,"The person is holding onto the handrail and appears to be standing normally on the escalator, indicating no fall has occurred."
2659491,frame_4507.jpg,0,100,normal,"The person appears to be standing normally on the escalator, with no signs of a fall or distress."
2659491,frame_4512.jpg,0,100,normal,"The person is standing on the escalator steps, holding onto the handrail, and there is no indication of any loss of balance or fall."
2659526,frame_4148.jpg,0,100,normal,The image shows people using the escalator normally without any visible signs of a fall or accident.
2659526,frame_4152.jpg,0,100,normal,"The escalator appears to be functioning normally with no visible obstructions or people in distress. The individuals on the escalator are standing upright, and there are no signs of a fall or accident."
2659526,frame_4157.jpg,0,100,normal,The image shows people using the escalator normally without any visible signs of a fall or accident.
2659526,frame_4162.jpg,0,100,normal,The escalator appears to be functioning normally with no visible obstructions or people in distress. The individuals are using the escalator safely.
2659526,frame_4167.jpg,0,100,normal,"The escalator appears to be functioning normally with no visible obstructions or people in distress. The area is clean and well-maintained, suggesting a safe environment."
2659526,frame_4172.jpg,0,100,normal,"The escalator appears to be functioning normally with no visible obstructions or people in distress. The area is clean and well-maintained, suggesting a safe environment."
2659526,frame_4177.jpg,0,100,normal,"The escalator appears to be functioning normally with no visible obstructions or people in distress. The area is clean and well-maintained, suggesting a safe environment."
2659526,frame_4182.jpg,0,100,normal,"The escalator appears to be functioning normally with no visible obstructions or people in distress. The area is clean and well-maintained, suggesting a safe environment."
2659526,frame_4187.jpg,0,100,normal,"The escalator appears to be functioning normally with no visible obstructions or people in distress. The area is clean and well-maintained, suggesting a safe environment."
2659526,frame_4192.jpg,0,100,normal,"The escalator appears to be functioning normally with no visible obstructions or people in distress. There are no signs of a fall, such as people lying on the ground or broken equipment."
2659526,frame_4197.jpg,80,85,fallOnEscalator,"The image shows a person lying on the escalator steps, which suggests they may have fallen. The position and context strongly indicate an incident, though the exact cause is not clear."
2659526,frame_4202.jpg,0,100,normal,"The escalator appears to be functioning normally with no visible obstructions or people in distress. There are no signs of a fall, such as people lying on the ground or scattered belongings."
2659526,frame_4207.jpg,0,100,normal,"The escalator appears to be functioning normally with no visible obstructions or people in distress. There are no signs of a recent fall, such as debris or people gathered around the escalator."
2659526,frame_4212.jpg,0,100,normal,"The escalator appears to be functioning normally with no visible obstructions or people in distress. There are no signs of a fall, such as people lying on the ground or scattered belongings."
2659526,frame_4217.jpg,0,100,normal,"The escalator appears to be functioning normally with no visible obstructions or people in distress. The area is clean and well-maintained, suggesting a safe environment."
2659526,frame_4222.jpg,0,100,normal,"The escalator appears to be functioning normally with no visible obstructions or people in distress. The area is clean and well-maintained, suggesting a safe environment."
2659526,frame_4227.jpg,0,100,normal,"The escalator appears to be functioning normally with no visible obstructions or people in distress. The person on the escalator is standing upright, indicating no fall has occurred."
2659526,frame_4232.jpg,0,100,normal,"The escalator appears to be functioning normally with no visible signs of malfunction or obstruction. There is no indication of a person having fallen, as the escalator is clear and there are no people in distress."
2659526,frame_4237.jpg,0,100,normal,"The escalator appears to be functioning normally with no visible obstructions or people in distress. The person on the escalator is standing upright, and there are no signs of an accident."
2659526,frame_4242.jpg,0,100,normal,"The escalator appears to be functioning normally with no visible obstructions or people in distress. The area is clean and well-maintained, suggesting a safe environment."
2659526,frame_4247.jpg,0,100,normal,"The escalator appears to be functioning normally with no visible obstructions or people in distress. The area is clean and well-maintained, suggesting a safe environment."
2659526,frame_4252.jpg,0,100,normal,"The escalator appears to be functioning normally with no visible obstructions or people in distress. The area is clean and well-maintained, suggesting a safe environment."
2659526,frame_4257.jpg,0,100,normal,The escalator appears to be functioning normally with no visible obstructions or people in distress. There is no indication of a fall having occurred.
2659526,frame_4262.jpg,0,100,normal,"The escalator appears to be functioning normally with no visible obstructions or people in distress. The area is clean and well-maintained, suggesting a safe environment."
2659526,frame_4267.jpg,0,100,normal,"The escalator appears to be functioning normally with no visible obstructions or people in distress. The area is clean and well-maintained, suggesting a safe environment."
2659526,frame_4272.jpg,0,100,normal,"The escalator appears to be functioning normally with no visible obstructions or people in distress. There are no signs of a fall, such as people lying on the ground or broken equipment."
2659526,frame_4277.jpg,0,100,normal,"The escalator appears to be functioning normally with no visible obstructions or people in distress. The area is clean and well-maintained, suggesting a safe environment."
2659526,frame_4282.jpg,0,100,normal,"The escalator appears to be functioning normally with no visible obstructions or people in distress. The area is clean and well-maintained, suggesting a safe environment."
2659526,frame_4287.jpg,0,100,normal,"The escalator appears to be functioning normally with no visible obstructions or people in distress. The area is clean and well-maintained, suggesting a safe environment."
2659717,frame_4375.jpg,0,100,normal,"The image shows a person standing on an escalator, which is functioning normally without any visible signs of malfunction or obstruction. There are no indications of a fall having occurred."
2659717,frame_4379.jpg,0,100,normal,"The image shows a person standing on an escalator, which is functioning normally without any visible signs of malfunction or obstruction. There are no indications of a fall having occurred."
2659717,frame_4384.jpg,0,100,normal,"The image shows a person standing on an escalator, which appears to be functioning normally without any visible obstructions or issues that would suggest a fall is imminent."
2659717,frame_4389.jpg,0,100,normal,The person is standing upright and appears to be using the escalator normally without any signs of distress or imbalance.
2659717,frame_4394.jpg,0,100,normal,The person is standing upright and appears to be using the escalator normally without any signs of distress or imbalance.
2659717,frame_4399.jpg,0,100,normal,"The person is standing upright and appears to be moving normally on the escalator, with no visible signs of a fall or any unusual behavior."
2659717,frame_4404.jpg,0,100,normal,The person is standing upright and appears to be using the escalator normally without any signs of distress or imbalance.
2659717,frame_4409.jpg,0,100,normal,"The person is standing upright and appears to be moving normally on the escalator, indicating no fall has occurred."
2659717,frame_4414.jpg,80,90,fallOnEscalator,"The person appears to be in a position that suggests they have lost balance and are sliding down the escalator, which is a common scenario for falls."
2659717,frame_4419.jpg,80,90,fallOnEscalator,"The person is lying on the escalator steps, which is a common position for someone who has fallen. The escalator is stationary, and there are no visible signs of movement, which supports the likelihood of a fall."
2659717,frame_4424.jpg,80,90,fallOnEscalator,"The person is lying on the escalator steps, which is an unusual and unsafe position, suggesting they may have fallen."
2659717,frame_4429.jpg,80,90,fallOnEscalator,"The person is lying on the escalator steps, which is a common position for someone who has fallen. The escalator is stationary, and there are no visible signs of movement, which suggests that the person may have intentionally laid down. However, the context of the image does not provide definitive evidence of a fall, such as other people reacting or the person appearing distressed."
2659717,frame_4434.jpg,90,85,fallOnEscalator,"The person is lying on the escalator steps, which is a common position for someone who has fallen. The escalator is not in motion, which is unusual for a functioning escalator, suggesting that the person may have fallen."
2659717,frame_4439.jpg,80,90,fallOnEscalator,"The person is lying on the escalator steps, which is a common position for someone who has fallen. The escalator is stationary, and there are no visible signs of movement, which supports the likelihood of a fall."
2659717,frame_4444.jpg,80,90,fallOnEscalator,"The person appears to be in an unusual position on the escalator, which suggests they may have fallen. However, without additional context, it's not possible to be completely certain."
2659717,frame_4449.jpg,80,90,fallOnEscalator,"The person appears to be lying on the escalator steps, which is a common position for someone who has fallen. The escalator is not in motion, which could indicate that it has stopped after the fall."
2659717,frame_4454.jpg,80,90,fallOnEscalator,"The person is lying on the escalator steps, which is a common position for someone who has fallen. The escalator is stationary, and there are no visible signs of movement, which supports the likelihood of a fall."
2659717,frame_4459.jpg,80,90,fallOnEscalator,"The person is lying on the escalator steps, which is a common position for someone who has fallen. The escalator is stationary, and there are no visible signs of movement, which supports the likelihood of a fall."
2659717,frame_4464.jpg,50,80,fallOnEscalator,"The person is sitting on the escalator steps, which could indicate a fall. However, they might also be intentionally sitting or resting, so the likelihood is moderate."
2659717,frame_4469.jpg,50,80,fallOnEscalator,"The person appears to be in a position that could indicate a fall, but without additional context or motion, it's uncertain."
2659717,frame_4474.jpg,50,80,fallOnEscalator,"The image shows a person lying on an escalator, which suggests a potential fall. However, without additional context or motion, it's not possible to definitively confirm a fall."
2659717,frame_4479.jpg,80,85,fallOnEscalator,"The image shows a person lying on the escalator steps, which suggests they may have fallen. The escalator is not in motion, and the person's position is unusual for someone who is simply using the escalator."
2659717,frame_4484.jpg,50,80,fallOnEscalator,"The image shows a person lying on an escalator, which could indicate a fall. However, without additional context or motion, it's not definitive."
2659717,frame_4489.jpg,10,80,normal,"The person appears to be standing normally on the escalator, and there are no visible signs of a fall, such as a person lying on the ground or an overturned stroller."
2659717,frame_4494.jpg,0,100,normal,"The escalator appears to be functioning normally with no visible obstructions or people in distress. The area is clean and well-maintained, suggesting a safe environment."
2659717,frame_4499.jpg,0,100,normal,"The escalator appears to be functioning normally with no visible obstructions or people in distress. The area is clean and well-maintained, suggesting a safe environment."
2659717,frame_4504.jpg,50,80,fallOnEscalator,"The image shows a person lying on an escalator, which suggests a potential fall. However, without additional context, it's unclear if this is an actual incident or staged."
2659717,frame_4509.jpg,0,100,normal,"The escalator appears to be functioning normally with no visible obstructions or people in distress. The area is clean and well-maintained, suggesting a safe environment."
2659717,frame_4514.jpg,0,100,normal,"The escalator appears to be functioning normally with no visible obstructions or people in distress. The area is clean and well-maintained, suggesting a safe environment."
2659717,frame_4519.jpg,0,100,normal,"The escalator appears to be functioning normally with no visible obstructions or people in distress. The area is clean and well-maintained, suggesting a safe environment."
2659717,frame_4524.jpg,0,100,normal,"The escalator appears to be functioning normally with no visible obstructions or people in distress. There are no signs of a fall, such as people lying on the ground or broken equipment."
2659717,frame_4529.jpg,0,100,normal,"The escalator appears to be functioning normally with no visible obstructions or people in distress. There are no signs of a fall, such as objects on the ground or people lying down."
2659717,frame_4534.jpg,0,100,normal,"The escalator appears to be functioning normally with no visible obstructions or people in distress. There are no signs of a fall, such as people lying on the ground or scattered belongings."
2659717,frame_4539.jpg,0,100,normal,"The escalator appears to be functioning normally with no visible obstructions or people in distress. The area is clean and well-maintained, suggesting a safe environment."
2659717,frame_4544.jpg,0,100,normal,"The escalator appears to be functioning normally with no visible obstructions or people in distress. The area is clean and well-maintained, suggesting a safe environment."
2659717,frame_4549.jpg,0,100,normal,"The escalator appears to be functioning normally with no visible obstructions or people in distress. The area is clean and well-maintained, suggesting a safe environment."
2659717,frame_4554.jpg,0,100,normal,"The escalator appears to be functioning normally with no visible obstructions or people in distress. The area is clean and well-maintained, suggesting a safe environment."
2659717,frame_4559.jpg,0,100,normal,"The escalator appears to be functioning normally with no visible obstructions or people in distress. The area is clean and well-maintained, suggesting a safe environment."
2659717,frame_4564.jpg,0,100,normal,"The escalator appears to be functioning normally with no visible obstructions or people in distress. The area is clean and well-maintained, suggesting a safe environment."
2659717,frame_4569.jpg,0,100,normal,"The escalator appears to be functioning normally with no visible obstructions or people in distress. The area is clean and well-maintained, suggesting a safe environment."
2659717,frame_4574.jpg,0,100,normal,"The escalator appears to be functioning normally with no visible obstructions or people in distress. The area is clean and well-maintained, suggesting a safe environment."
2659717,frame_4579.jpg,0,100,normal,"The escalator appears to be functioning normally with no visible obstructions or people in distress. The area is clean and well-maintained, suggesting a safe environment."
2659717,frame_4584.jpg,0,100,normal,"The escalator appears to be functioning normally with no visible obstructions or people in distress. The area is clean and well-maintained, suggesting a safe environment."
2659717,frame_4589.jpg,0,100,normal,"The escalator appears to be functioning normally with no visible obstructions or people in distress. The area is clean and well-maintained, suggesting a safe environment."
2659717,frame_4594.jpg,0,100,normal,"The escalator appears to be functioning normally with no visible obstructions or people in distress. The area is clean and well-maintained, suggesting a safe environment."
2659717,frame_4599.jpg,0,100,normal,"The escalator appears to be functioning normally with no visible obstructions or people in distress. The area is clean and well-maintained, suggesting a safe environment."
2659717,frame_4604.jpg,0,100,normal,"The escalator appears to be functioning normally with no visible obstructions or people in distress. The area is clean and well-maintained, suggesting a safe environment."
2659866,frame_3889.jpg,50,80,fallOnEscalator,"The image shows a person lying on the escalator steps, which suggests they may have fallen. However, without additional context, it's not possible to determine the exact cause."
2659866,frame_3893.jpg,0,100,normal,The image shows people using the escalator normally without any visible signs of a fall or accident.
2659866,frame_3898.jpg,0,100,normal,"The image shows a person using the escalator normally without any signs of a fall, such as a person lying on the ground or an object scattered around."
2659866,frame_3903.jpg,0,100,normal,"The image shows two people standing on the escalator steps, which appear to be functioning normally without any visible obstructions or issues that would cause a fall."
2659866,frame_3908.jpg,0,100,normal,"The image shows two people standing on the escalator steps, which appear to be functioning normally without any visible obstructions or issues that would cause a fall."
2659866,frame_3913.jpg,0,100,normal,"The image shows two people standing on the escalator steps, which appear to be functioning normally. There is no visible indication of a fall or any unusual activity that would suggest someone has fallen."
2659866,frame_3918.jpg,50,80,fallOnEscalator,"The image shows a person in a dynamic position on the escalator, which could suggest a fall. However, without additional context or motion, it's not definitive."
2659866,frame_3923.jpg,10,80,normal,"The person appears to be standing normally on the escalator, and there are no visible signs of a fall, such as a person lying on the ground or an overturned bag."
2659866,frame_3928.jpg,80,85,fallOnEscalator,"The person appears to be in a position that suggests they may have lost balance or control, which is common in falls on escalators. The posture and the position on the steps support this assessment."
2659866,frame_3933.jpg,80,90,fallOnEscalator,"The person is bent over and appears to be in a position that suggests they may have lost balance or fallen. The escalator is stationary, which reduces the likelihood of a fall due to movement, but the posture indicates a potential incident."
2659866,frame_3938.jpg,80,85,fallOnEscalator,"The person is on their hands and knees, which is a common position after a fall. The escalator is stationary, suggesting it may have stopped abruptly, which could be a cause of the fall."
2659866,frame_3943.jpg,80,90,fallOnEscalator,"The person is on their hands and knees, which is a common position after a fall. The escalator is stationary, suggesting it may have stopped abruptly."
2659866,frame_3948.jpg,80,90,fallOnEscalator,"The person is lying on the escalator steps, which is a common position for someone who has fallen. The escalator is stationary, and there are no visible signs of movement, which supports the likelihood of a fall."
2659866,frame_3953.jpg,80,85,fallOnEscalator,"The person is on their hands and knees, which is a common position after a fall. The escalator is stationary, suggesting it may have stopped abruptly, which could be a cause of the fall."
2659866,frame_3958.jpg,80,90,fallOnEscalator,"The person is on their hands and knees, which is a common position after a fall. The escalator is stationary, suggesting it may have stopped abruptly."
2659866,frame_3963.jpg,80,85,fallOnEscalator,"The person is on their hands and knees, which suggests they may have fallen. However, they are not in a typical position of someone who has fallen, as they are not lying down or in distress. The escalator is not moving, which reduces the likelihood of a fall."
2659866,frame_3968.jpg,80,90,fallOnEscalator,"The person is on their hands and knees, which is a common position after a fall. The escalator is stationary, suggesting it may have stopped abruptly."
2659866,frame_3973.jpg,80,85,fallOnEscalator,"The person is on their hands and knees, which is an unusual position for someone using an escalator. This suggests they may have fallen."
2659866,frame_3978.jpg,80,90,fallOnEscalator,"The person is on their hands and knees, which is a common position after a fall. The escalator is stationary, suggesting it may have stopped abruptly, which could be a cause of the fall."
2659866,frame_3983.jpg,80,90,fallOnEscalator,"The person appears to be in a position that suggests they may have lost balance or control, which is a common cause of falls on escalators."
2659866,frame_3988.jpg,80,85,fallOnEscalator,"The person appears to be in a position that suggests they may have lost balance or control, which is a common cause of falls on escalators. The image shows the person with one hand on the handrail and the other extended, which could indicate an attempt to regain balance."
2659866,frame_3993.jpg,80,90,fallOnEscalator,"The person is in a position that suggests they may have lost balance or control, which is common in falls on escalators. The image shows the person in a precarious position, which increases the likelihood of a fall."
2659866,frame_3998.jpg,80,90,fallOnEscalator,"The person appears to be in a position that suggests they may have lost balance or control, which is a common cause of falls on escalators. The image shows the person with their arms outstretched, which is often a reaction to regaining balance after a fall."
2659866,frame_4003.jpg,80,90,fallOnEscalator,"The person appears to be in an unusual position on the escalator, leaning forward with arms outstretched, which suggests they may have lost balance or are in the process of falling. The escalator is stationary, which is unusual, and the person's posture indicates a potential loss of control."
2659866,frame_4008.jpg,50,80,fallOnEscalator,"The person appears to be in a precarious position on the escalator, which could suggest a fall. However, without additional context or motion, it's not possible to definitively determine the situation."
2659866,frame_4013.jpg,10,80,normal,"The person appears to be standing normally on the escalator, and there are no visible signs of a fall, such as a person lying on the ground or an overturned stroller."
2659866,frame_4018.jpg,10,80,normal,"The person appears to be standing normally on the escalator, and there are no visible signs of distress or an accident."
2659866,frame_4023.jpg,10,80,normal,"The person appears to be standing normally on the escalator, and there are no visible signs of distress or an accident."
2659866,frame_4028.jpg,50,80,fallOnEscalator,"The person appears to be in a position that could suggest a fall, but without additional context or motion, it's not definitive."
2659866,frame_4033.jpg,10,80,normal,"The person appears to be standing normally on the escalator, and there are no visible signs of a fall, such as a person lying on the ground or an overturned stroller."
2659866,frame_4038.jpg,0,100,normal,"The image shows a person standing on the escalator steps, which is a normal and safe position. There are no visible signs of a fall, such as someone lying on the ground or an overturned stroller. The escalator appears to be functioning properly, and the person is not in a precarious position."
2659866,frame_4043.jpg,0,100,normal,"The image shows a person standing on the escalator steps, which are moving, but there is no indication of a fall. The person appears to be using the escalator normally."
2659866,frame_4048.jpg,0,100,normal,"The image shows a person standing on the escalator steps, which is a normal and safe position. There are no visible signs of a fall, such as someone lying on the ground or an overturned stroller. The escalator appears to be functioning properly, and the person seems to be moving with the escalator's motion."
2659866,frame_4053.jpg,0,100,normal,"The image shows a person standing on the escalator, and there are no visible signs of a fall, such as people lying on the ground or objects scattered around. The escalator appears to be functioning normally."
2659866,frame_4058.jpg,0,100,normal,"The image shows a person standing on an escalator, not in a position that suggests they have fallen. The escalator appears to be functioning normally, and there are no visible signs of an accident or emergency."
2659866,frame_4063.jpg,0,100,normal,"The image shows a person standing on an escalator, not in a position that suggests they have fallen. The escalator appears to be functioning normally, and there are no visible signs of an accident or emergency."
2659866,frame_4068.jpg,0,100,normal,"The image shows a person standing on an escalator, not in a position that suggests they have fallen. The escalator appears to be functioning normally, and there are no visible signs of an accident or emergency."
2659866,frame_4073.jpg,0,100,normal,"The escalator appears to be functioning normally with no visible obstructions or people in distress. The area is clean and well-maintained, suggesting a safe environment."
2659866,frame_4078.jpg,0,100,normal,"The image shows a person standing on the escalator, not in a position that suggests a fall. The escalator appears to be functioning normally without any visible obstructions or issues."
2659905,frame_3963.jpg,0,100,normal,"The individuals appear to be standing normally on the escalator steps, with no signs of a fall or any unusual behavior."
2659905,frame_3967.jpg,0,100,normal,"The individuals appear to be standing normally on the escalator steps, with no signs of a fall or any unusual positioning that would suggest a fall has occurred."
2659905,frame_3972.jpg,0,100,normal,"The image shows people standing on the escalator steps, which appear to be functioning normally without any signs of malfunction or obstruction that would typically lead to a fall."
2659905,frame_3977.jpg,0,100,normal,"The individuals appear to be standing normally on the escalator steps, with no signs of a fall or any unusual behavior."
2659905,frame_3982.jpg,0,100,normal,"The image shows two people standing on the escalator steps, which appear to be moving normally without any signs of a fall or accident."
2659905,frame_3987.jpg,0,100,normal,"The image shows two people standing on the escalator steps, with no signs of a fall or any indication of an accident. The escalator appears to be functioning normally."
2659905,frame_3992.jpg,10,80,normal,"The individuals appear to be standing normally on the escalator steps, and there is no visible indication of a fall. However, without additional context, it's difficult to be completely certain."
2659905,frame_3997.jpg,0,100,normal,"The image shows two people standing on the escalator steps, with no signs of a fall or any indication of an accident. The escalator appears to be functioning normally."
2659905,frame_4002.jpg,0,100,normal,"The image shows a person standing on the escalator steps, which appear to be functioning normally without any visible obstructions or malfunctions. There is no indication of a fall or any unusual activity that would suggest someone has fallen."
2659905,frame_4007.jpg,10,80,normal,"The person appears to be standing normally on the escalator, and there are no visible signs of a fall, such as a person lying on the ground or an overturned bag. However, without additional context, it's difficult to be completely certain."
2659905,frame_4012.jpg,10,90,normal,"The person appears to be standing normally on the escalator steps, and there is no visible indication of a fall, such as a person lying on the ground or an object scattered around."
2659905,frame_4017.jpg,10,80,normal,"The person appears to be standing normally on the escalator steps, and there is no visible indication of a fall, such as a person lying on the ground or an object scattered around."
2659905,frame_4022.jpg,50,80,fallOnEscalator,"The person appears to be lying on the escalator steps, which could suggest a fall. However, without additional context, it's unclear if they are actually injured or if this is a staged situation."
2659905,frame_4027.jpg,80,85,fallOnEscalator,"The person appears to be in an unusual position on the escalator, with their body leaning forward and one leg extended, which suggests they may have lost balance. However, there is no clear indication of a fall, such as a person on the ground or visible disarray."
2659905,frame_4032.jpg,10,80,normal,"The person appears to be standing normally on the escalator, and there is no visible indication of a fall. However, the image is taken from an angle, and the person's posture could be misinterpreted."
2659905,frame_4037.jpg,50,80,fallOnEscalator,"The person appears to be in a position that could suggest a fall, but without additional context, it's not definitive."
2659905,frame_4042.jpg,80,90,fallOnEscalator,"The person appears to be on their hands and knees, which is an unusual position for someone using an escalator. This suggests they may have fallen or are in distress."
2659905,frame_4047.jpg,50,80,fallOnEscalator,"The person appears to be in a position that could suggest a fall, but without additional context, it's not definitive."
2659905,frame_4052.jpg,10,80,normal,"The person appears to be standing normally on the escalator steps, and there is no visible indication of a fall. However, without additional context, it's difficult to be certain."
2659905,frame_4057.jpg,10,80,normal,"The person appears to be standing normally on the escalator steps, and there is no visible indication of a fall. However, without additional context, it's difficult to be completely certain."
2659905,frame_4062.jpg,10,80,normal,"The person appears to be standing normally on the escalator steps, and there is no visible indication of a fall. However, without additional context, it's difficult to be certain."
2659905,frame_4067.jpg,10,80,normal,"The person appears to be holding onto the handrail and is not showing signs of losing balance or distress. The escalator is in motion, but there is no visible indication of a fall."
2659905,frame_4072.jpg,0,100,normal,"The image shows a person standing on the escalator steps, which are moving steadily. There is no indication of any fall or accident. The person appears to be holding onto the handrail, which is a common and safe practice when using escalators."
2659905,frame_4077.jpg,10,80,normal,"The person appears to be standing normally on the escalator, and there is no visible indication of a fall. However, without additional context, it's difficult to be completely certain."
2659905,frame_4082.jpg,0,100,normal,"The escalator appears to be functioning normally with no visible obstructions or people in distress. The handrail and steps are intact, and there are no signs of a fall."
2659905,frame_4087.jpg,0,100,normal,"The image shows a person standing on the escalator steps, which are moving, but there is no indication of a fall. The person appears to be holding onto the handrail, which is a common safety practice when using escalators."
2659905,frame_4092.jpg,10,80,normal,"The person appears to be standing normally on the escalator, and there are no visible signs of a fall, such as objects scattered or the person in an unusual position."
2659905,frame_4097.jpg,0,100,normal,"The person is standing upright and appears to be holding onto the handrail, which suggests they are using the escalator safely. There are no visible signs of a fall or any unusual behavior."
2659905,frame_4102.jpg,0,100,normal,"The person is standing on the escalator steps, which is a normal and safe position. There are no visible signs of a fall, such as the person being on the ground or in an unusual position."
2659905,frame_4107.jpg,0,100,normal,"The escalator appears to be functioning normally with no visible obstructions or people in distress. The person is standing upright, and there are no signs of a fall."
2659905,frame_4112.jpg,0,100,normal,"The image shows a person standing on the escalator steps, which appear to be moving normally without any signs of a fall or disruption."
2659923,frame_3929.jpg,0,100,normal,"The image shows people standing on the escalator steps, which appear to be functioning normally without any visible signs of malfunction or obstruction. There are no indications of a fall having occurred."
2659923,frame_3933.jpg,0,100,normal,"The image shows people standing on the escalator steps, which appear to be functioning normally without any visible signs of malfunction or obstruction. There are no indications of a fall having occurred."
2659923,frame_3938.jpg,0,100,normal,"The image shows a person standing on the escalator steps, which appear to be functioning normally without any visible obstructions or malfunctions. There is no indication of a fall or any other incident."
2659923,frame_3943.jpg,0,100,normal,"The image shows people standing on the escalator steps, which appear to be functioning normally without any visible signs of malfunction or obstruction. There is no indication of a fall or any unusual activity that would suggest someone has fallen."
2659923,frame_3948.jpg,0,100,normal,"The image shows people standing on the escalator steps, which appear to be functioning normally without any visible signs of malfunction or obstruction that would typically indicate a risk of falling."
2659923,frame_3953.jpg,0,100,normal,"The image shows people standing on the escalator steps, which appear to be functioning normally without any visible signs of malfunction or obstruction. There are no indications of a fall or any unusual behavior that would suggest a fall has occurred."
2659923,frame_3958.jpg,0,100,normal,"The image shows people standing on the escalator steps, and there are no visible signs of a fall or any disarray that would indicate someone has fallen."
2659923,frame_3963.jpg,0,100,normal,"The image shows people standing and walking on the escalator steps, which appear to be functioning normally without any visible signs of malfunction or obstruction that would typically indicate a risk of falling."
2659923,frame_3968.jpg,0,100,normal,"The image shows a person standing on the escalator steps, which indicates they are using it properly. There are no signs of a fall, such as a person lying on the ground or an object scattered around. The person appears to be holding onto the handrail, which is a common safety practice."
2659923,frame_3973.jpg,0,100,normal,"The image shows a person standing on the escalator steps, which indicates they are using it properly. There are no signs of a fall, such as someone lying on the ground or an object scattered around. The person appears to be holding onto the handrail, which is a common safety practice."
2659923,frame_3978.jpg,0,100,normal,"The image shows people standing on the escalator steps, and there is no indication of any fall or accident. The escalator appears to be functioning normally with no visible obstructions or unusual behavior."
2659923,frame_3983.jpg,0,100,normal,"The image shows people standing on the escalator steps, which appear to be functioning normally without any visible signs of malfunction or obstruction that would typically lead to a fall."
2659923,frame_3988.jpg,80,90,fallOnEscalator,"The image shows a person lying on the escalator steps, which suggests they may have fallen. The presence of another person nearby, possibly assisting, supports this observation."
2659923,frame_3993.jpg,0,100,normal,"The image shows a person standing on the escalator steps, which indicates they are using the escalator properly. There are no signs of a fall, such as someone lying on the ground or an object scattered around."
2659923,frame_3998.jpg,80,90,fallOnEscalator,"The image shows a person lying on the escalator steps, which suggests they may have fallen. The presence of another person nearby, possibly assisting, supports this observation."
2659923,frame_4003.jpg,10,80,normal,"The person appears to be standing normally on the escalator, and there is no visible indication of a fall. However, without additional context, it's not possible to rule out the possibility entirely."
2659923,frame_4008.jpg,50,80,fallOnEscalator,"The image shows a person on an escalator, and the dog appears to be in a position that could suggest a fall. However, without additional context, it's not possible to determine with certainty."
2659923,frame_4013.jpg,80,90,fallOnEscalator,"The person appears to be in a position that suggests they may have lost balance or fallen, as they are on the ground near the escalator steps."
2659923,frame_4018.jpg,80,90,fallOnEscalator,"The person appears to be in a position that suggests they may have stumbled or lost balance, which is a common cause of falls on escalators."
2659923,frame_4023.jpg,50,80,fallOnEscalator,"The person on the escalator appears to be in a position that could suggest a fall, but without additional context, it's not definitive."
2659923,frame_4028.jpg,0,100,normal,The image shows people walking normally on an escalator without any signs of a fall or accident.
2659923,frame_4033.jpg,50,80,fallOnEscalator,"The image shows a person on the escalator who appears to be in motion, and another person is nearby. The escalator is not crowded, which might suggest a higher likelihood of a fall. However, there is no clear indication of a fall having occurred, so the probability is estimated at 50."
2659923,frame_4038.jpg,80,85,fallOnEscalator,"The person in the foreground appears to be in a dynamic pose, possibly indicating a fall or a stumble. The person in the background is reaching out, which suggests an attempt to catch or stabilize themselves, further supporting the likelihood of a fall."
2659923,frame_4043.jpg,50,80,fallOnEscalator,"The image shows a person reaching out on an escalator, which could indicate a loss of balance. However, without additional context, it's not definitive."
2659923,frame_4048.jpg,80,90,fallOnEscalator,"The person in the beige coat appears to be in a position that suggests they may have lost balance or fallen, as they are not standing upright and are holding onto the handrail. The other person is walking normally, which contrasts with the posture of the person in the beige coat."
2659923,frame_4053.jpg,80,90,fallOnEscalator,"The person appears to be in a position that suggests they may have lost balance or are in the process of falling, as they are leaning back and reaching out for the handrail."
2659923,frame_4058.jpg,80,90,fallOnEscalator,"The person on the escalator appears to be in a position that suggests they may have lost balance or fallen, as they are not standing upright and are holding onto the handrail."
2659923,frame_4063.jpg,80,85,fallOnEscalator,"The person is holding onto the handrail in a manner that suggests they might have lost balance or are trying to stabilize themselves, which could indicate a fall."
2659923,frame_4068.jpg,50,80,fallOnEscalator,"The person appears to be holding onto the handrail, which suggests they are trying to maintain balance. However, the image does not provide clear evidence of a fall, so the probability is estimated at 50. The confidence level is high due to the visible action of holding the handrail."
2659923,frame_4073.jpg,50,80,fallOnEscalator,"The person is holding onto the handrail, which suggests they are trying to stabilize themselves, possibly indicating a risk of falling. However, there is no clear indication of a fall having already occurred."
2659923,frame_4078.jpg,0,100,normal,The person is holding onto the handrail and appears to be using the escalator safely. There are no visible signs of a fall or any other incident.
2659923,frame_4083.jpg,0,100,normal,"The person is standing on the escalator steps, holding onto the handrail, and there is no indication of any loss of balance or other factors that would suggest a fall is imminent."
2659923,frame_4088.jpg,0,100,normal,The person is holding onto the handrail and appears to be standing normally on the escalator steps. There is no indication of any loss of balance or fall.
2659923,frame_4093.jpg,0,100,normal,"The person is holding onto the handrail and appears to be standing normally on the escalator steps. There are no visible signs of a fall, such as the person being on the ground or in an unusual position."
2659923,frame_4098.jpg,0,100,normal,"The person is holding onto the handrail and appears to be standing normally on the escalator steps. There are no visible signs of a fall, such as the person lying down or the escalator being malfunctioning."
2659923,frame_4103.jpg,0,100,normal,The person is holding onto the handrail and appears to be standing normally on the escalator steps. There is no visible indication of a fall or any other incident.
2659923,frame_4108.jpg,0,100,normal,"The person is holding onto the handrail and appears to be standing normally on the escalator steps. There are no visible signs of a fall, such as the person being on the ground or in an unusual position."
2659923,frame_4113.jpg,0,100,normal,The person is holding onto the handrail and appears to be standing normally on the escalator steps. There is no indication of any loss of balance or fall.
2659923,frame_4118.jpg,0,100,normal,The person is holding onto the handrail and appears to be standing normally on the escalator steps. There is no indication of a fall or any unusual behavior.
2659923,frame_4123.jpg,0,100,normal,"The person is holding onto the handrail and appears to be standing normally on the escalator steps, indicating they are not in a position to fall."
2659923,frame_4128.jpg,0,100,normal,The person is holding onto the handrail and appears to be standing normally on the escalator steps. There is no indication of a fall or any unusual position that would suggest a fall has occurred.
2659923,frame_4133.jpg,0,100,normal,"The person is holding onto the handrail and appears to be standing normally on the escalator steps. There are no visible signs of a fall, such as the person being on the ground or in an unusual position."
2659923,frame_4138.jpg,0,100,normal,The person is holding onto the handrail and appears to be standing normally on the escalator steps.
2659923,frame_4143.jpg,0,100,normal,The person is holding onto the handrail and appears to be standing normally on the escalator steps. There is no indication of a fall or any unusual position that would suggest a fall has occurred.
2659923,frame_4148.jpg,0,100,normal,The person is holding onto the handrail and appears to be standing normally on the escalator steps. There is no indication of a fall or any unusual position that would suggest a fall has occurred.
2659923,frame_4153.jpg,0,100,normal,"The person is holding onto the handrail and appears to be standing normally on the escalator steps. There are no visible signs of a fall, such as the person being on the ground or in an unusual position."
2659923,frame_4158.jpg,0,100,normal,The person is holding onto the handrail and appears to be standing normally on the escalator steps. There is no indication of a fall or any unusual position that would suggest a fall has occurred.
2659923,frame_4163.jpg,0,100,normal,"The person is holding onto the handrail and appears to be standing normally on the escalator steps. There are no visible signs of a fall, such as the person being on the ground or in an unusual position."
2659923,frame_4168.jpg,0,100,normal,"The person is standing on the escalator steps, holding onto the handrail, and there is no indication of any loss of balance or movement that would suggest a fall."
2659923,frame_4173.jpg,0,100,normal,"The person is standing on the escalator steps, holding onto the handrail, and there is no indication of any loss of balance or movement that would suggest a fall."
2659923,frame_4178.jpg,0,100,normal,"The person is holding onto the handrail and appears to be standing normally on the escalator steps. There are no visible signs of a fall, such as the person being on the ground or in an unusual position."
2659923,frame_4183.jpg,0,100,normal,"The person is standing on the escalator steps, holding onto the handrail, and there is no indication of any loss of balance or other factors that would suggest a fall is imminent."
2659923,frame_4188.jpg,0,100,normal,"The person is holding onto the handrail and appears to be standing normally on the escalator steps. There are no visible signs of a fall, such as the person being on the ground or in an unusual position."
2659923,frame_4193.jpg,10,90,normal,"The person appears to be holding onto the handrail and maintaining balance, suggesting they are not in a position to have fallen."
2659923,frame_4198.jpg,0,100,normal,The person is holding onto the handrail and appears to be standing normally on the escalator steps. There is no indication of a fall or any unusual position that would suggest a fall has occurred.
2659923,frame_4203.jpg,10,90,normal,"The person appears to be holding onto the handrail and maintaining balance, suggesting they are not in a position to have fallen."
2659923,frame_4208.jpg,0,100,normal,"The person is standing on the escalator steps, holding onto the handrail, and there is no indication of any loss of balance or fall."
2659923,frame_4213.jpg,0,100,normal,"The person is standing on the escalator steps, holding onto the handrail, and appears to be moving normally. There are no visible signs of a fall, such as the person being on the ground or in an unusual position."
2659923,frame_4218.jpg,0,100,normal,"The person is standing upright and holding onto the handrail, indicating they are using the escalator safely."
2659923,frame_4223.jpg,0,100,normal,"The person appears to be standing and holding onto the handrail, indicating they are not in a position that suggests they have fallen."
2659923,frame_4228.jpg,0,100,normal,"The person appears to be standing normally on the escalator, holding onto the handrail, and there is no visible indication of a fall or any other incident."
2659923,frame_4233.jpg,10,80,normal,The person appears to be holding onto the handrail and is not showing signs of distress or imbalance. The escalator seems to be functioning normally.
3093756,frame_3924.jpg,0,100,normal,"The image shows a person standing on the escalator, and there are no visible signs of a fall or any disarray that would suggest someone has fallen. The escalator appears to be in normal operation with no obstructions or unusual activity."
3093756,frame_3928.jpg,0,100,normal,"The image shows a person standing at the top of an escalator, not in a position that suggests they have fallen. The escalator is functioning normally, and there are no visible signs of an accident or emergency."
3093756,frame_3933.jpg,0,100,normal,"The image shows a person standing on the escalator, and there are no visible signs of a fall or any disarray that would indicate an incident has occurred."
3093756,frame_3938.jpg,0,100,normal,"The image shows a person standing on the escalator, and there are no visible signs of a fall or any disarray that would indicate an incident has occurred."
3093756,frame_3943.jpg,10,80,normal,"The image shows a person near the escalator, but there is no visible indication of a fall, such as a person on the ground or an overturned bag. The person appears to be standing normally."
3093756,frame_3948.jpg,10,80,normal,"The person is standing at the bottom of the escalator, which is a common position for someone who has just exited. There are no visible signs of distress or injury, and the area appears to be well-maintained."
3093756,frame_3953.jpg,50,80,fallOnEscalator,"The image shows a person lying on the ground near the escalator, which could suggest a fall. However, without additional context, it's unclear if the person is actually injured or if this is a staged situation."
3093756,frame_3958.jpg,50,80,fallOnEscalator,"The image shows a person lying on the ground near the escalator, which could suggest a fall. However, without additional context, it's not definitive."
3093756,frame_3963.jpg,50,80,fallOnEscalator,"The image shows a person on the ground near the escalator, which could indicate a fall. However, without additional context, it's not definitive."
3093756,frame_3968.jpg,80,90,fallOnEscalator,"The person is lying on the ground near the escalator, which suggests they may have fallen. The presence of a green mat and a yellow line indicates a designated area for safety, possibly to prevent falls."
3093756,frame_3973.jpg,80,90,fallOnEscalator,"The image shows a person lying on the ground near the escalator, which suggests they may have fallen. The presence of a green mat and a sign indicating caution near the escalator also supports the likelihood of a fall."
3093756,frame_3978.jpg,80,90,fallOnEscalator,"The image shows a person lying on the ground near the escalator, which suggests they may have fallen. The presence of a green mat and a yellow line typically indicates a designated area for safety, possibly to prevent falls. However, without additional context, it's not possible to be certain."
3093756,frame_3983.jpg,80,90,fallOnEscalator,"The person is lying on the ground near the escalator, which suggests they may have fallen. The presence of a green mat and a yellow line near the escalator could indicate a designated area for safety, supporting the likelihood of a fall."
3093756,frame_3988.jpg,80,90,fallOnEscalator,"The person is lying on the ground near the escalator, which suggests they may have fallen. The presence of a green mat and a yellow line near the escalator indicates a designated area for safety, possibly to prevent falls."
3093756,frame_3993.jpg,80,90,fallOnEscalator,"The image shows a person lying on the ground near the escalator, which suggests they may have fallen. The presence of a green mat and a yellow tactile strip indicates a designated area for safety, possibly to prevent falls. The person's position and the context strongly suggest a fall."
3093756,frame_3998.jpg,80,90,fallOnEscalator,"The person is lying on the ground near the escalator, which suggests they may have fallen. The presence of a green mat and a yellow line typically indicates a caution area near escalators, which supports the likelihood of a fall."
3093756,frame_4003.jpg,80,90,fallOnEscalator,"The person is lying on the ground near the escalator, which suggests they may have fallen. The presence of a green mat and a yellow line typically indicates a caution area near escalators, which supports the likelihood of a fall."
3093756,frame_4008.jpg,80,90,fallOnEscalator,"The person is lying on the ground near the escalator, which suggests they may have fallen. The presence of a green mat and a yellow line typically indicates a caution area for safety, supporting the likelihood of an incident."
3093756,frame_4013.jpg,80,90,fallOnEscalator,"The image shows a person lying on the ground near the escalator, which suggests they may have fallen. The presence of a green mat and a yellow line typically indicates a designated area for safety, which supports the idea that the person might have fallen there."
3093756,frame_4018.jpg,90,95,fallOnEscalator,"The image shows a person lying on the ground near the escalator, which suggests they may have fallen. The presence of the escalator and the person's position on the ground near it supports this assumption."
3093756,frame_4023.jpg,80,90,fallOnEscalator,"The image shows a person lying on the ground near the escalator, which suggests they may have fallen. The presence of a green mat and a yellow line near the escalator indicates a designated area for safety, possibly to prevent falls. However, without additional context, it's not possible to confirm with absolute certainty."
3093756,frame_4028.jpg,80,90,fallOnEscalator,"The image shows a person lying on the ground near the escalator, which suggests they may have fallen. The presence of a green mat and a yellow line typically indicates a designated area for safety, possibly to prevent falls."
3093756,frame_4033.jpg,80,90,fallOnEscalator,"The person is lying on the ground near the escalator, which suggests they may have fallen. The presence of a green mat and a yellow line near the escalator could indicate a designated area for safety, supporting the likelihood of a fall."
3093756,frame_4038.jpg,80,90,fallOnEscalator,"The person is lying on the ground near the escalator, which suggests they may have fallen. The presence of a green mat near the escalator could be for safety, indicating that falls are a concern."
3093756,frame_4043.jpg,80,90,fallOnEscalator,"The image shows a person lying on the ground near the escalator, which suggests they may have fallen. The presence of a green mat and a yellow line on the floor indicates a designated area for safety, possibly to prevent falls. The person's position and the context strongly suggest a fall occurred."
3093756,frame_4048.jpg,80,90,fallOnEscalator,"The person is lying on the ground near the escalator, which suggests they may have fallen. The presence of a green mat and a yellow caution line indicates a designated area for safety, possibly to prevent falls."
3093756,frame_4053.jpg,80,90,fallOnEscalator,"The image shows a person on the ground near the escalator, which suggests they may have fallen. The presence of a green mat and a yellow line typically indicates a safety area for such incidents."
3093756,frame_4058.jpg,80,90,fallOnEscalator,"The person is lying on the ground near the escalator, which suggests they may have fallen. The presence of a green mat and a yellow caution sign also indicates a potential hazard area, supporting the likelihood of a fall."
3093756,frame_4063.jpg,80,90,fallOnEscalator,"The image shows a person lying on the ground near the escalator, which suggests they may have fallen. The presence of a green mat and a sign indicating caution near the escalator also supports the likelihood of a fall."
3093756,frame_4068.jpg,80,90,fallOnEscalator,"The image shows a person lying on the ground near the escalator, which suggests they may have fallen. The presence of a green mat and a sign indicating caution near the escalator supports the likelihood of a fall."
3093756,frame_4073.jpg,80,90,fallOnEscalator,"The image shows a person lying on the ground near the escalator, which suggests they may have fallen. The presence of a green mat and a yellow caution line near the escalator indicates a designated area for safety, possibly to prevent falls. However, without additional context, it's not possible to determine the exact cause."
3093756,frame_4078.jpg,80,85,fallOnEscalator,"The image shows a person lying on the ground near the escalator, which suggests they may have fallen. The presence of a person on the ground in close proximity to the escalator escalator is a strong indicator of a fall."
3093756,frame_4083.jpg,80,90,fallOnEscalator,"The person is lying on the ground near the escalator, which suggests they may have fallen. The presence of a green mat and a yellow line near the escalator could indicate a designated area for safety, possibly to prevent falls."
3093756,frame_4088.jpg,80,90,fallOnEscalator,"The image shows a person lying on the ground near the escalator, which suggests they may have fallen. The presence of a yellow caution line near the escalator and the person's position on the ground support this interpretation."
3093756,frame_4093.jpg,80,85,fallOnEscalator,"The image shows a person lying on the ground near the escalator, which suggests they may have fallen. The presence of a yellow caution line near the escalator and the person's position on the ground support this interpretation."
3093756,frame_4098.jpg,80,85,fallOnEscalator,"The image shows a person lying on the ground near the escalator, which suggests they may have fallen. The presence of a yellow caution line near the escalator and the person's position on the ground support this assumption."
3093756,frame_4103.jpg,80,90,fallOnEscalator,"The image shows a person lying on the ground near the escalator, which suggests they may have fallen. The presence of a green mat and a sign indicating caution near the escalator also supports the likelihood of a fall."
3093756,frame_4108.jpg,80,90,fallOnEscalator,"The image shows a person lying on the ground near the escalator, which suggests they may have fallen. The presence of a green mat and a yellow line near the escalator could indicate a designated area for safety or assistance, supporting the likelihood of an incident."
3093756,frame_4113.jpg,80,90,fallOnEscalator,"The image shows a person lying on the ground near the escalator, which suggests they may have fallen. The presence of a green mat and a sign indicating caution near the escalator also supports the likelihood of a fall."
3093756,frame_4118.jpg,80,90,fallOnEscalator,"The image shows a person lying on the ground near the escalator, which suggests they may have fallen. The presence of a green mat and safety markings also indicates a concern for safety, supporting the likelihood of a fall."
3093756,frame_4123.jpg,80,90,fallOnEscalator,"The image shows a person lying on the ground near the escalator, which suggests they may have fallen. The presence of a yellow caution line and a sign indicating a wet floor also supports the likelihood of a fall."
3093756,frame_4128.jpg,90,95,fallOnEscalator,"The image shows a person lying on the ground near the escalator, which suggests they may have fallen. The presence of a yellow caution line near the escalator and the person's position on the ground further support this assumption."
3093756,frame_4133.jpg,80,90,fallOnEscalator,"The image shows a person lying on the ground near the escalator, which suggests they may have fallen. The presence of a yellow caution line and a sign indicating a wet floor could imply a slip hazard, further supporting the likelihood of a fall."
3093756,frame_4138.jpg,80,90,fallOnEscalator,"The image shows a person lying on the ground near the escalator, which suggests they may have fallen. The presence of a person in a prone position near the escalator, along with the context of a public transportation setting, supports this interpretation."
3093756,frame_4143.jpg,80,90,fallOnEscalator,"The image shows a person lying on the ground near the escalator, which suggests they may have fallen. The presence of a green mat and a sign indicating caution near the escalator also supports the likelihood of a fall."
3093756,frame_4148.jpg,80,90,fallOnEscalator,"The image shows a person lying on the ground near the escalator, which suggests they may have fallen. The presence of a green mat and a yellow line typically indicates a warning area for escalator safety, further supporting the likelihood of a fall."
3093756,frame_4153.jpg,80,90,fallOnEscalator,"The image shows a person lying on the ground near the escalator, which suggests they may have fallen. The presence of a green mat and a yellow line near the escalator indicates a designated area for safety, possibly to prevent falls. The person's position and the context strongly suggest a fall."
3093756,frame_4158.jpg,80,90,fallOnEscalator,"The image shows a person lying on the ground near the escalator, which suggests they may have fallen. The presence of a green mat and a yellow line near the escalator indicates a designated area for safety, possibly to prevent falls. The person's position and the context strongly suggest a fall."
3093756,frame_4163.jpg,80,90,fallOnEscalator,"The image shows a person lying on the ground near the escalator, which suggests they may have fallen. The presence of a person in a prone position near the escalator, along with the context of the escalator area, supports this interpretation."
3093756,frame_4168.jpg,80,90,fallOnEscalator,"The image shows a person lying on the ground near the escalator, which suggests they may have fallen. The presence of a green mat and a sign indicating caution near the escalator also supports the likelihood of a fall."
3093756,frame_4173.jpg,80,90,fallOnEscalator,"The person is lying on the ground near the escalator, which suggests they may have fallen. The presence of a green mat and safety lines also indicates a concern for safety, supporting the likelihood of a fall."
3093756,frame_4178.jpg,80,90,fallOnEscalator,"The person is lying on the ground near the escalator, which suggests they may have fallen. The presence of a green mat and a yellow line typically indicates a designated area for safety, possibly to prevent falls."
3093756,frame_4183.jpg,80,90,fallOnEscalator,"The person is on the ground near the escalator, which suggests they may have fallen. The presence of a green mat and safety lines indicates a concern for safety, supporting the likelihood of a fall."
3093756,frame_4188.jpg,80,90,fallOnEscalator,"The person is on the ground near the escalator, which suggests they may have fallen. The presence of a green mat and safety lines also indicates a concern for safety near escalators."
3093756,frame_4193.jpg,80,90,fallOnEscalator,"The person is on the ground near the escalator, which suggests they may have fallen. The presence of a green mat and a sign indicating caution near the escalator supports this assumption."
3093756,frame_4198.jpg,80,85,fallOnEscalator,"The person is lying on the ground near the escalator, which suggests they may have fallen. The presence of a green mat and a sign indicating caution near the escalator also supports the likelihood of a fall."
3093756,frame_4203.jpg,80,90,fallOnEscalator,"The person is lying on the ground near the escalator, which suggests they may have fallen. The presence of a green mat and a person attending to them indicates concern for safety, supporting the likelihood of a fall."
3093756,frame_4208.jpg,80,90,fallOnEscalator,"The person is on the ground near the escalator, which suggests they may have fallen. The presence of a green mat and a person in a white coat nearby could indicate assistance for someone who has fallen."
3093756,frame_4213.jpg,80,90,fallOnEscalator,"The person is lying on the ground near the escalator, which suggests they may have fallen. The presence of a green mat and a sign indicating caution near the escalator supports the likelihood of a fall."
3093756,frame_4218.jpg,80,90,fallOnEscalator,"The person is on the ground near the escalator, which suggests they may have fallen. The presence of a green mat and a person in a white coat nearby could indicate assistance for someone who has fallen."
3093756,frame_4223.jpg,80,90,fallOnEscalator,"The image shows a person on the ground near the escalator, which suggests they may have fallen. The presence of a green mat and a barrier near the escalator could indicate measures to prevent falls, supporting the likelihood of a fall."
3093756,frame_4228.jpg,80,90,fallOnEscalator,"The person is on the ground near the escalator, which suggests they may have fallen. The presence of a green mat and safety barriers indicates a concern for safety, supporting the likelihood of a fall."
3093756,frame_4233.jpg,80,90,fallOnEscalator,"The person is on the ground near the escalator, which suggests they may have fallen. The presence of a green mat and a yellow line indicates a designated area for safety, possibly to prevent falls."
3093756,frame_4238.jpg,80,90,fallOnEscalator,"The person is on the ground near the escalator, which suggests they may have fallen. The presence of a green mat and a person in a dark uniform nearby could indicate assistance for someone who has fallen."
3093756,frame_4243.jpg,80,90,fallOnEscalator,"The image shows a person on the ground near the escalator, which suggests they may have fallen. The presence of a green mat and a person in a white coat nearby could indicate assistance, supporting the likelihood of a fall."
3093756,frame_4248.jpg,80,90,fallOnEscalator,"The image shows a person on the ground near the escalator, which suggests they may have fallen. The presence of a green mat and a person in a white coat, possibly a staff member, indicates concern for the individual's safety."
3093756,frame_4253.jpg,80,90,fallOnEscalator,"The image shows a person on the ground near the escalator, which suggests they may have fallen. The presence of a green mat and a person attending to them supports this assumption."
3093756,frame_4258.jpg,80,90,fallOnEscalator,"The person is on the ground near the escalator, which suggests they may have fallen. The presence of a green mat typically indicates a safety area for such incidents."
3093756,frame_4263.jpg,80,90,fallOnEscalator,"The person is on the ground near the escalator, which suggests they may have fallen. The presence of a green mat and a person in a white coat, possibly a staff member, indicates concern for the individual's safety."
3093756,frame_4268.jpg,80,90,fallOnEscalator,"The person is bent over and appears to be on the ground near the escalator, which suggests they may have fallen. The presence of a green mat and a caution sign also indicates a concern for safety, supporting the likelihood of a fall."
3093756,frame_4273.jpg,80,90,fallOnEscalator,"The person is on the ground near the escalator, which suggests they may have fallen. The presence of a green mat and a person in a position that looks like they are recovering from a fall supports this assumption."
3093756,frame_4278.jpg,80,90,fallOnEscalator,"The person is bent over on the ground near the escalator, which suggests they may have fallen. The presence of a green mat and a yellow line on the floor indicates a designated area for safety, possibly to prevent falls."
3093756,frame_4283.jpg,80,85,fallOnEscalator,"The person is bent over on the ground near the escalator, which suggests they may have fallen. The presence of a green mat and a yellow line on the floor indicates a designated area for safety, possibly to prevent falls."
3093756,frame_4288.jpg,50,80,fallOnEscalator,"The person is on the ground near the escalator, which could indicate a fall. However, they are not directly on the escalator steps, and their posture suggests they might be sitting or kneeling rather than having fallen."
3093756,frame_4293.jpg,50,80,fallOnEscalator,"The person is bent over near the escalator, which could indicate they have fallen or are in the process of getting up. However, without additional context, it's not certain."
3093756,frame_4298.jpg,50,80,fallOnEscalator,"The person is bent over and appears to be in a position that could indicate they have fallen or are in the process of getting up. However, without additional context, it's not possible to determine the exact cause of their position."
3093756,frame_4303.jpg,80,90,fallOnEscalator,"The person is on the ground near the escalator, which suggests they may have fallen. The presence of a green mat and a caution sign also indicates a potential hazard area."
3093756,frame_4308.jpg,0,100,normal,"The image shows a person standing at the entrance of an escalator, not on it, and there are no visible signs of a fall or any disarray that would suggest an incident has occurred."
3093756,frame_4313.jpg,0,100,normal,"The image shows a person standing at the bottom of an escalator, not on it, and there are no visible signs of a fall. The person appears to be waiting or preparing to use the escalator."
3093756,frame_4318.jpg,0,100,normal,"The image shows a person walking normally on the escalator, with no signs of a fall or any indication of an accident."
3093756,frame_4323.jpg,0,100,normal,"The image shows a person walking on a flat surface near escalators, with no visible signs of a fall or any indication that someone has fallen. The area appears to be well-maintained and safe."
3093756,frame_4328.jpg,0,100,normal,"The image shows a person walking normally on the escalator, with no signs of a fall or any indication of an accident. The surroundings are orderly, and the person appears to be in control."
3093756,frame_4333.jpg,10,80,normal,"The person is standing at the edge of the escalator, which is a common position for someone who has just stepped off or is about to step on. There is no visible indication of a fall, such as a person on the ground or disarrayed belongings."
3093756,frame_4338.jpg,10,80,normal,"The person is standing at the edge of the escalator, which is a common area for falls. However, they appear to be in a controlled stance, suggesting they are not in immediate danger of falling."
3093756,frame_4343.jpg,0,100,normal,"The image shows a person standing at the bottom of an escalator, not on it, and there are no visible signs of a fall or any disarray that would suggest an incident has occurred."
3093756,frame_4348.jpg,0,100,normal,"The image shows a person walking normally on the ground level near escalators, with no indication of a fall or any related incident."
3093756,frame_4353.jpg,0,100,normal,"The image shows a person standing on the ground level near the escalator, with no visible signs of a fall or any indication that someone has fallen. The person appears to be standing normally, and there are no visible injuries or disarray that would suggest a fall has occurred."
3093756,frame_4730.jpg,0,100,normal,"The image shows a person standing at the top of an escalator, not on it, and there are no visible signs of a fall or any disarray that would suggest an incident has occurred."
3093756,frame_4734.jpg,0,100,normal,"The image shows a person standing at the top of an escalator, not on it, and there are no visible signs of a fall or any disarray that would suggest an incident has occurred."
3093756,frame_4739.jpg,0,100,normal,"There is no visible indication of a fall, such as a person lying on the ground or an overturned stroller. The escalator appears to be in normal operation with people using it safely."
3093756,frame_4744.jpg,0,100,normal,"The image shows a person standing at the entrance to an escalator, not on it, and there are no visible signs of a fall or any disarray that would suggest an incident has occurred."
3093756,frame_4749.jpg,0,100,normal,"The image shows a person standing at the top of an escalator, not on it, and there are no visible signs of a fall or any disarray that would suggest an incident has occurred."
3093756,frame_4754.jpg,0,100,normal,"The image shows a person standing on the escalator steps, which is a normal and safe position. There are no visible signs of a fall, such as a person lying on the ground or an overturned stroller. The escalator is in operation, and the person appears to be using it correctly."
3093756,frame_4759.jpg,10,80,normal,"The image shows a person on the escalator, but there is no visible indication of a fall, such as a person on the ground or an overturned stroller. The person appears to be standing normally."
3093756,frame_4764.jpg,0,100,normal,"The escalator is empty, and there are no visible signs of a fall or any obstructions that could cause someone to fall. The area appears to be well-maintained and safe."
3093756,frame_4769.jpg,0,100,normal,"The escalator is empty, and there are no visible signs of a fall, such as people lying on the ground or broken equipment. The area appears clean and well-maintained."
3093756,frame_4774.jpg,0,100,normal,"The escalator is empty, and there are no visible signs of a fall, such as people lying on the ground or broken equipment. The area appears clean and well-maintained."
3093756,frame_4779.jpg,0,100,normal,"The escalator is empty, and there are no visible signs of a fall or any obstructions that could cause someone to fall. The area appears to be well-maintained and safe."
3093756,frame_4784.jpg,0,100,normal,"The escalator is empty, and there are no visible signs of a fall, such as people lying on the ground or broken equipment. The area appears clean and well-maintained."
3093756,frame_4789.jpg,0,100,normal,"The escalator is empty, and there are no visible signs of a fall, such as people lying on the ground or broken equipment. The area appears clean and well-maintained."
3093756,frame_4794.jpg,0,100,normal,"The escalator is empty, and there are no visible signs of a fall, such as people lying on the ground or broken equipment. The area appears clean and well-maintained."
3093756,frame_4799.jpg,0,100,normal,"The escalator is empty, and there are no visible signs of a fall, such as people lying on the ground or broken equipment. The area appears clean and well-maintained."
3093756,frame_4804.jpg,0,100,normal,"The escalator is empty, and there are no visible signs of a fall, such as people lying on the ground or broken equipment. The area appears clean and well-maintained."
3093756,frame_4809.jpg,0,100,normal,"The escalator is empty, and there are no visible signs of a fall, such as people lying on the ground or broken equipment. The area appears clean and well-maintained."
3093756,frame_4814.jpg,0,100,normal,"The escalator is not in use, and there are no visible signs of a fall or any obstructions that could cause someone to fall. The area appears clean and well-maintained."
3093756,frame_4819.jpg,0,100,normal,"The escalator is empty, and there are no visible signs of a fall or any obstructions that could cause someone to fall. The area appears to be well-maintained and safe."
3093756,frame_4824.jpg,0,100,normal,"The escalator is empty, and there are no visible signs of a fall, such as people lying on the ground or broken equipment. The area appears clean and well-maintained."
3093756,frame_4829.jpg,0,100,normal,"The escalator is empty, and there are no visible signs of a fall, such as people lying on the ground or broken equipment. The area appears clean and well-maintained."
3093756,frame_4834.jpg,0,100,normal,"The escalator is empty, and there are no visible signs of a fall, such as people lying on the ground or broken equipment. The area appears clean and well-maintained."
3093756,frame_4839.jpg,0,100,normal,"The escalator is empty, and there are no visible signs of a fall or any obstructions that could cause someone to fall. The area appears to be well-maintained and safe."
3093756,frame_4844.jpg,0,100,normal,"The escalator is not in use, and there are no visible signs of a fall or any individuals in distress. The area appears clean and well-maintained."
3093756,frame_4849.jpg,0,100,normal,"There is no visible evidence of a fall, such as a person on the ground or broken items. The escalator appears to be in normal operation with people using it safely."
3093756,frame_4854.jpg,0,100,normal,"The escalator is not in use, and there are no visible signs of a fall or any obstructions that could cause a fall. The area appears clean and well-maintained."
3093756,frame_4859.jpg,0,100,normal,"The escalator is empty, and there are no visible signs of a fall or any obstructions that could cause someone to fall. The area appears to be well-maintained and safe."
3093756,frame_4864.jpg,0,100,normal,"The escalator is empty, and there are no visible signs of a fall or any obstructions that could cause someone to fall. The area appears to be well-maintained and safe."
3093756,frame_4869.jpg,0,100,normal,"The escalator is in operation with no visible obstructions or people in distress, indicating a safe environment."
3093756,frame_4874.jpg,0,100,normal,"The escalator is empty, and there are no visible signs of a fall, such as people lying on the ground or broken equipment. The area appears clean and well-maintained."
3093756,frame_4879.jpg,0,100,normal,"The escalator is empty, and there are no visible signs of a fall or any obstructions that could cause someone to fall. The area appears to be well-maintained and safe."
3093756,frame_4884.jpg,0,100,normal,"The escalator is empty, and there are no visible signs of a fall or any obstructions that could cause someone to fall. The area appears to be well-maintained and safe."
3093756,frame_4889.jpg,0,100,normal,"The escalator is empty, and there are no visible signs of a fall, such as people lying on the ground or broken equipment."
3093756,frame_4894.jpg,0,100,normal,"The escalator is empty, and there are no visible signs of a fall or any obstructions that could cause someone to fall. The area appears to be well-maintained and safe."
3093756,frame_4899.jpg,0,100,normal,"The escalator is in operation with no visible signs of a fall or obstruction, and the area appears to be well-maintained and safe."
3093756,frame_4904.jpg,0,100,normal,"The escalator is empty, and there are no visible signs of a fall, such as people lying on the ground or broken equipment."
3093756,frame_4909.jpg,0,100,normal,"The escalator is empty, and there are no visible signs of a fall, such as people lying on the ground or broken equipment."
3093756,frame_4914.jpg,0,100,normal,"The escalator is in operation with no visible signs of a fall or obstruction, and the area appears to be well-maintained and safe."
3093756,frame_4919.jpg,0,100,normal,"The escalator is in operation with no visible signs of a fall or obstruction, and the area appears to be well-maintained and safe."
3093756,frame_4924.jpg,0,100,normal,"The escalator is in operation with no visible signs of a fall or obstruction. The area is clean and well-maintained, and there are no people on the escalator steps that appear to have fallen."
3093756,frame_4929.jpg,0,100,normal,"The escalator is in operation with no visible signs of a fall or obstruction, and the area appears to be well-maintained and safe."
3093756,frame_4934.jpg,0,100,normal,"The escalator is in operation with no visible obstructions or people in distress, indicating a safe environment."
3093756,frame_4939.jpg,0,100,normal,"There are no visible signs of a fall, such as people lying on the ground or broken equipment. The escalators appear to be functioning normally, and the area is clean and orderly."
3093756,frame_4944.jpg,0,100,normal,"The escalator is in operation with no visible signs of a fall or obstruction. The area is clean and well-maintained, and there are no people on the escalator or stairs that appear to have fallen."
